,index,avg_neighborhood_prop_val,surrounding_neighborhood_avg_prop_val,n_property_crimes,surrounding_neighborhood_avg_property_crimes
0,82.0,231.33038583952887,3182.4831591186066,820.0,1970.75
1,32.0,365.097573887556,814.302113359219,740.0,662.2
2,83.0,2078.4985042340963,2143.6457532579107,1481.0,936.8333333333334
3,25.0,1960.401059162845,2688.9416244944496,1037.0,1091.6
4,46.0,3446.6836630029347,2355.7327278314824,841.0,1113.3333333333333
5,20.0,617.0994417911007,476.3377049039307,374.0,584.3333333333334
6,60.0,2331.236607773085,2675.0162630263285,709.0,1382.5
7,6.0,515.4725531628092,2333.2876706776738,4146.0,1586.8333333333333
8,51.0,3678.797561611891,1547.5654808479455,805.0,1115.5555555555557
9,22.0,1269.0019175899306,1697.5876028499233,527.0,925.5
10,29.0,490.1835788838373,708.4683089810131,674.0,1426.8333333333333
11,31.0,1834.928963401752,2807.5125640050724,2797.0,2025.0
12,63.0,3857.573461271075,3239.7278846697127,488.0,364.25
13,87.0,563.9062073426206,505.37086713928596,640.0,816.1666666666666
14,90.0,4243.04803523275,2462.287583576726,1356.0,978.0
15,90.0,4243.04803523275,2462.287583576726,1356.0,978.0
16,39.0,3507.0095553309943,2272.0787019756613,2492.0,1708.75
17,89.0,72.6204825697982,100.52927694822483,1072.0,1028.0
18,13.0,874.8657888337469,1553.890773966665,764.0,777.4285714285714
19,90.0,4243.04803523275,2462.287583576726,1356.0,978.0
20,4.0,153.93872279792896,477.40343271032225,850.0,1267.5
21,17.0,454.8683937621444,177.43651985681166,2322.0,1146.1666666666667
22,22.0,1269.0019175899306,1697.5876028499233,527.0,925.5
23,57.0,389.6893474692916,258.0941078247429,207.0,566.5
24,13.0,874.8657888337469,1553.890773966665,764.0,777.4285714285714
25,73.0,85.09966147772326,174.06589114835066,1997.0,1034.25
26,51.0,3678.797561611891,1547.5654808479455,805.0,1115.5555555555557
27,75.0,2913.2952888806126,2863.2066815605226,254.0,810.1666666666666
28,8.0,3669.7251690836574,3277.6353551237175,1061.0,932.6
29,76.0,5792.703159256571,2473.730653204113,437.0,2392.5
30,59.0,1129.4716599158173,828.3606864282543,1281.0,1038.3333333333333
31,65.0,194.81296643501238,292.7442109765089,203.0,889.3333333333334
32,39.0,3507.0095553309943,2272.0787019756613,2492.0,1708.75
33,76.0,5792.703159256571,2473.730653204113,437.0,2392.5
34,10.0,352.92171359177735,239.81247486970096,388.0,1011.2
35,4.0,153.93872279792896,477.40343271032225,850.0,1267.5
36,73.0,85.09966147772326,174.06589114835066,1997.0,1034.25
37,84.0,405.278544110362,172.04428376010574,1098.0,1321.5
38,27.0,276.6603123186012,437.194436617734,3617.0,1256.0
39,6.0,515.4725531628092,2333.2876706776738,4146.0,1586.8333333333333
40,59.0,1129.4716599158173,828.3606864282543,1281.0,1038.3333333333333
41,61.0,2092.5473552368617,2547.953444288186,2145.0,2091.2
42,44.0,2623.8200888679744,2422.392803548667,2591.0,884.4285714285714
43,22.0,1269.0019175899306,1697.5876028499233,527.0,925.5
44,79.0,757.9723153645143,589.840944500714,2724.0,893.4
45,34.0,462.85965830728884,194.91603192491183,1031.0,568.5714285714286
46,51.0,3678.797561611891,1547.5654808479455,805.0,1115.5555555555557
47,78.0,67.17011850116474,182.3936173718785,655.0,440.85714285714283
48,20.0,617.0994417911007,476.3377049039307,374.0,584.3333333333334
49,67.0,3200.5955613073997,2499.1781643025074,1268.0,762.8571428571429
50,59.0,1129.4716599158173,828.3606864282543,1281.0,1038.3333333333333
51,62.0,2769.150852482591,3027.798692048424,452.0,857.0
52,63.0,3857.573461271075,3239.7278846697127,488.0,364.25
53,38.0,4546.082134203887,2535.9604640816974,374.0,1911.857142857143
54,49.0,3761.264353237302,3240.316143756313,1665.0,1203.0
55,81.0,353.2785433517407,2406.4664507748785,366.0,1377.25
56,32.0,365.097573887556,814.302113359219,740.0,662.2
57,67.0,3200.5955613073997,2499.1781643025074,1268.0,762.8571428571429
58,44.0,2623.8200888679744,2422.392803548667,2591.0,884.4285714285714
59,85.0,87.66267210496866,473.15783886792667,741.0,1313.4285714285713
60,48.0,1550.6294410436078,1756.575353733324,1559.0,867.3333333333334
61,59.0,1129.4716599158173,828.3606864282543,1281.0,1038.3333333333333
62,61.0,2092.5473552368617,2547.953444288186,2145.0,2091.2
63,75.0,2913.2952888806126,2863.2066815605226,254.0,810.1666666666666
64,4.0,153.93872279792896,477.40343271032225,850.0,1267.5
65,61.0,2092.5473552368617,2547.953444288186,2145.0,2091.2
66,66.0,547.1563188823235,1122.3018508098953,1294.0,1584.25
67,41.0,1683.708461308665,3087.9694579041393,1219.0,783.4285714285714
68,4.0,153.93872279792896,477.40343271032225,850.0,1267.5
69,27.0,276.6603123186012,437.194436617734,3617.0,1256.0
70,89.0,72.6204825697982,100.52927694822483,1072.0,1028.0
71,46.0,3446.6836630029347,2355.7327278314824,841.0,1113.3333333333333
72,29.0,490.1835788838373,708.4683089810131,674.0,1426.8333333333333
73,56.0,163.26650205770838,261.1219498437905,745.0,952.4
74,71.0,53.22166730924289,74.8830835998623,342.0,865.6
76,75.0,2913.2952888806126,2863.2066815605226,254.0,810.1666666666666
77,0.0,1508.1677810774,2724.1117391258813,977.0,790.5
78,48.0,1550.6294410436078,1756.575353733324,1559.0,867.3333333333334
79,39.0,3507.0095553309943,2272.0787019756613,2492.0,1708.75
80,73.0,85.09966147772326,174.06589114835066,1997.0,1034.25
81,83.0,2078.4985042340963,2143.6457532579107,1481.0,936.8333333333334
82,77.0,332.13489359073054,294.0833992644485,1251.0,891.4
83,57.0,389.6893474692916,258.0941078247429,207.0,566.5
84,44.0,2623.8200888679744,2422.392803548667,2591.0,884.4285714285714
85,41.0,1683.708461308665,3087.9694579041393,1219.0,783.4285714285714
86,62.0,2769.150852482591,3027.798692048424,452.0,857.0
87,41.0,1683.708461308665,3087.9694579041393,1219.0,783.4285714285714
88,17.0,454.8683937621444,177.43651985681166,2322.0,1146.1666666666667
89,63.0,3857.573461271075,3239.7278846697127,488.0,364.25
90,31.0,1834.928963401752,2807.5125640050724,2797.0,2025.0
91,39.0,3507.0095553309943,2272.0787019756613,2492.0,1708.75
92,89.0,72.6204825697982,100.52927694822483,1072.0,1028.0
93,22.0,1269.0019175899306,1697.5876028499233,527.0,925.5
94,7.0,92.65170058960136,390.8256836462868,325.0,1449.3333333333333
95,63.0,3857.573461271075,3239.7278846697127,488.0,364.25
96,56.0,163.26650205770838,261.1219498437905,745.0,952.4
97,89.0,72.6204825697982,100.52927694822483,1072.0,1028.0
98,18.0,905.8965519936772,314.3156158512404,1886.0,1587.4
99,17.0,454.8683937621444,177.43651985681166,2322.0,1146.1666666666667
100,71.0,53.22166730924289,74.8830835998623,342.0,865.6
101,47.0,5159.938702220869,1646.7784809404934,1149.0,1547.8333333333333
102,14.0,4065.885219095648,2972.92047015684,696.0,1403.1666666666667
103,79.0,757.9723153645143,589.840944500714,2724.0,893.4
104,84.0,405.278544110362,172.04428376010574,1098.0,1321.5
105,77.0,332.13489359073054,294.0833992644485,1251.0,891.4
106,46.0,3446.6836630029347,2355.7327278314824,841.0,1113.3333333333333
107,80.0,564.3706514453694,2015.937111201993,1033.0,2172.6
108,39.0,3507.0095553309943,2272.0787019756613,2492.0,1708.75
109,26.0,5279.511253332904,3857.573461271075,75.0,488.0
110,84.0,405.278544110362,172.04428376010574,1098.0,1321.5
111,86.0,500.0093334816155,625.1697889793353,373.0,592.8333333333334
112,14.0,4065.885219095648,2972.92047015684,696.0,1403.1666666666667
113,35.0,269.5620121687545,488.81711767240193,1809.0,1838.142857142857
114,67.0,3200.5955613073997,2499.1781643025074,1268.0,762.8571428571429
115,72.0,1672.914759658533,3101.7245471977976,1582.0,1196.5
116,77.0,332.13489359073054,294.0833992644485,1251.0,891.4
117,63.0,3857.573461271075,3239.7278846697127,488.0,364.25
118,56.0,163.26650205770838,261.1219498437905,745.0,952.4
119,79.0,757.9723153645143,589.840944500714,2724.0,893.4
120,91.0,5338.77683223937,1391.9180798916773,1398.0,1669.3
122,67.0,3200.5955613073997,2499.1781643025074,1268.0,762.8571428571429
123,40.0,311.398813089814,612.8627708148542,926.0,687.6
124,17.0,454.8683937621444,177.43651985681166,2322.0,1146.1666666666667
125,77.0,332.13489359073054,294.0833992644485,1251.0,891.4
126,56.0,163.26650205770838,261.1219498437905,745.0,952.4
127,16.0,448.67627737800456,205.71306321144272,454.0,937.8
128,10.0,352.92171359177735,239.81247486970096,388.0,1011.2
129,0.0,1508.1677810774,2724.1117391258813,977.0,790.5
130,60.0,2331.236607773085,2675.0162630263285,709.0,1382.5
131,39.0,3507.0095553309943,2272.0787019756613,2492.0,1708.75
132,77.0,332.13489359073054,294.0833992644485,1251.0,891.4
133,9.0,1413.9475951410525,2173.302624678347,1532.0,1317.0
134,63.0,3857.573461271075,3239.7278846697127,488.0,364.25
135,63.0,3857.573461271075,3239.7278846697127,488.0,364.25
136,22.0,1269.0019175899306,1697.5876028499233,527.0,925.5
137,53.0,2688.2776996927346,1556.64917338036,385.0,990.8
138,4.0,153.93872279792896,477.40343271032225,850.0,1267.5
139,17.0,454.8683937621444,177.43651985681166,2322.0,1146.1666666666667
140,25.0,1960.401059162845,2688.9416244944496,1037.0,1091.6
141,84.0,405.278544110362,172.04428376010574,1098.0,1321.5
142,59.0,1129.4716599158173,828.3606864282543,1281.0,1038.3333333333333
143,56.0,163.26650205770838,261.1219498437905,745.0,952.4
144,42.0,4160.043971916007,3323.821437153029,457.0,670.0
145,42.0,4160.043971916007,3323.821437153029,457.0,670.0
146,5.0,86.88925791321388,363.0282390276211,2156.0,1745.875
147,0.0,1508.1677810774,2724.1117391258813,977.0,790.5
148,31.0,1834.928963401752,2807.5125640050724,2797.0,2025.0
149,67.0,3200.5955613073997,2499.1781643025074,1268.0,762.8571428571429
150,58.0,357.78417518470667,1636.5798775829562,719.0,1210.3333333333333
151,8.0,3669.7251690836574,3277.6353551237175,1061.0,932.6
152,77.0,332.13489359073054,294.0833992644485,1251.0,891.4
153,9.0,1413.9475951410525,2173.302624678347,1532.0,1317.0
154,44.0,2623.8200888679744,2422.392803548667,2591.0,884.4285714285714
155,49.0,3761.264353237302,3240.316143756313,1665.0,1203.0
156,5.0,86.88925791321388,363.0282390276211,2156.0,1745.875
157,85.0,87.66267210496866,473.15783886792667,741.0,1313.4285714285713
158,92.0,412.87864106737646,2898.9025462861377,1392.0,1140.6666666666667
159,13.0,874.8657888337469,1553.890773966665,764.0,777.4285714285714
160,29.0,490.1835788838373,708.4683089810131,674.0,1426.8333333333333
161,67.0,3200.5955613073997,2499.1781643025074,1268.0,762.8571428571429
162,91.0,5338.77683223937,1391.9180798916773,1398.0,1669.3
163,59.0,1129.4716599158173,828.3606864282543,1281.0,1038.3333333333333
164,32.0,365.097573887556,814.302113359219,740.0,662.2
165,6.0,515.4725531628092,2333.2876706776738,4146.0,1586.8333333333333
166,8.0,3669.7251690836574,3277.6353551237175,1061.0,932.6
167,16.0,448.67627737800456,205.71306321144272,454.0,937.8
168,34.0,462.85965830728884,194.91603192491183,1031.0,568.5714285714286
169,35.0,269.5620121687545,488.81711767240193,1809.0,1838.142857142857
170,77.0,332.13489359073054,294.0833992644485,1251.0,891.4
171,44.0,2623.8200888679744,2422.392803548667,2591.0,884.4285714285714
172,12.0,549.4814154967364,1351.664721625434,545.0,529.8333333333334
173,59.0,1129.4716599158173,828.3606864282543,1281.0,1038.3333333333333
174,22.0,1269.0019175899306,1697.5876028499233,527.0,925.5
175,39.0,3507.0095553309943,2272.0787019756613,2492.0,1708.75
176,94.0,496.1699403966902,2351.1592965510354,245.0,2036.0
177,20.0,617.0994417911007,476.3377049039307,374.0,584.3333333333334
178,6.0,515.4725531628092,2333.2876706776738,4146.0,1586.8333333333333
179,0.0,1508.1677810774,2724.1117391258813,977.0,790.5
180,62.0,2769.150852482591,3027.798692048424,452.0,857.0
181,60.0,2331.236607773085,2675.0162630263285,709.0,1382.5
182,87.0,563.9062073426206,505.37086713928596,640.0,816.1666666666666
183,80.0,564.3706514453694,2015.937111201993,1033.0,2172.6
184,24.0,367.20077446177214,2034.9780055528292,227.0,1052.0
185,17.0,454.8683937621444,177.43651985681166,2322.0,1146.1666666666667
186,40.0,311.398813089814,612.8627708148542,926.0,687.6
187,25.0,1960.401059162845,2688.9416244944496,1037.0,1091.6
188,41.0,1683.708461308665,3087.9694579041393,1219.0,783.4285714285714
189,77.0,332.13489359073054,294.0833992644485,1251.0,891.4
190,79.0,757.9723153645143,589.840944500714,2724.0,893.4
191,55.0,1569.746230401914,1096.0533111608254,231.0,746.6666666666666
192,39.0,3507.0095553309943,2272.0787019756613,2492.0,1708.75
193,12.0,549.4814154967364,1351.664721625434,545.0,529.8333333333334
194,60.0,2331.236607773085,2675.0162630263285,709.0,1382.5
195,27.0,276.6603123186012,437.194436617734,3617.0,1256.0
196,43.0,235.91358119338952,264.18352748427094,584.0,725.25
197,90.0,4243.04803523275,2462.287583576726,1356.0,978.0
198,0.0,1508.1677810774,2724.1117391258813,977.0,790.5
199,4.0,153.93872279792896,477.40343271032225,850.0,1267.5
200,6.0,515.4725531628092,2333.2876706776738,4146.0,1586.8333333333333
201,50.0,7745.637617387157,354.76775754518394,5611.0,1033.7777777777778
202,25.0,1960.401059162845,2688.9416244944496,1037.0,1091.6
203,20.0,617.0994417911007,476.3377049039307,374.0,584.3333333333334
204,67.0,3200.5955613073997,2499.1781643025074,1268.0,762.8571428571429
205,61.0,2092.5473552368617,2547.953444288186,2145.0,2091.2
206,8.0,3669.7251690836574,3277.6353551237175,1061.0,932.6
207,72.0,1672.914759658533,3101.7245471977976,1582.0,1196.5
208,29.0,490.1835788838373,708.4683089810131,674.0,1426.8333333333333
209,25.0,1960.401059162845,2688.9416244944496,1037.0,1091.6
210,44.0,2623.8200888679744,2422.392803548667,2591.0,884.4285714285714
211,26.0,5279.511253332904,3857.573461271075,75.0,488.0
212,9.0,1413.9475951410525,2173.302624678347,1532.0,1317.0
213,7.0,92.65170058960136,390.8256836462868,325.0,1449.3333333333333
214,59.0,1129.4716599158173,828.3606864282543,1281.0,1038.3333333333333
215,51.0,3678.797561611891,1547.5654808479455,805.0,1115.5555555555557
216,51.0,3678.797561611891,1547.5654808479455,805.0,1115.5555555555557
217,18.0,905.8965519936772,314.3156158512404,1886.0,1587.4
218,16.0,448.67627737800456,205.71306321144272,454.0,937.8
219,49.0,3761.264353237302,3240.316143756313,1665.0,1203.0
220,31.0,1834.928963401752,2807.5125640050724,2797.0,2025.0
221,89.0,72.6204825697982,100.52927694822483,1072.0,1028.0
222,22.0,1269.0019175899306,1697.5876028499233,527.0,925.5
223,51.0,3678.797561611891,1547.5654808479455,805.0,1115.5555555555557
224,56.0,163.26650205770838,261.1219498437905,745.0,952.4
225,5.0,86.88925791321388,363.0282390276211,2156.0,1745.875
226,20.0,617.0994417911007,476.3377049039307,374.0,584.3333333333334
227,60.0,2331.236607773085,2675.0162630263285,709.0,1382.5
228,14.0,4065.885219095648,2972.92047015684,696.0,1403.1666666666667
229,22.0,1269.0019175899306,1697.5876028499233,527.0,925.5
230,6.0,515.4725531628092,2333.2876706776738,4146.0,1586.8333333333333
231,73.0,85.09966147772326,174.06589114835066,1997.0,1034.25
232,74.0,1138.3520681316413,534.6852719738454,669.0,1450.25
233,17.0,454.8683937621444,177.43651985681166,2322.0,1146.1666666666667
234,30.0,605.2104207514936,1166.3887929019254,181.0,1969.6666666666667
235,67.0,3200.5955613073997,2499.1781643025074,1268.0,762.8571428571429
236,67.0,3200.5955613073997,2499.1781643025074,1268.0,762.8571428571429
237,91.0,5338.77683223937,1391.9180798916773,1398.0,1669.3
238,0.0,1508.1677810774,2724.1117391258813,977.0,790.5
239,90.0,4243.04803523275,2462.287583576726,1356.0,978.0
240,22.0,1269.0019175899306,1697.5876028499233,527.0,925.5
241,83.0,2078.4985042340963,2143.6457532579107,1481.0,936.8333333333334
242,29.0,490.1835788838373,708.4683089810131,674.0,1426.8333333333333
243,4.0,153.93872279792896,477.40343271032225,850.0,1267.5
244,83.0,2078.4985042340963,2143.6457532579107,1481.0,936.8333333333334
245,9.0,1413.9475951410525,2173.302624678347,1532.0,1317.0
246,79.0,757.9723153645143,589.840944500714,2724.0,893.4
247,18.0,905.8965519936772,314.3156158512404,1886.0,1587.4
248,79.0,757.9723153645143,589.840944500714,2724.0,893.4
249,21.0,179.4593934288483,319.9815684513721,1053.0,444.6
250,77.0,332.13489359073054,294.0833992644485,1251.0,891.4
251,9.0,1413.9475951410525,2173.302624678347,1532.0,1317.0
252,67.0,3200.5955613073997,2499.1781643025074,1268.0,762.8571428571429
253,9.0,1413.9475951410525,2173.302624678347,1532.0,1317.0
254,32.0,365.097573887556,814.302113359219,740.0,662.2
255,13.0,874.8657888337469,1553.890773966665,764.0,777.4285714285714
256,49.0,3761.264353237302,3240.316143756313,1665.0,1203.0
257,63.0,3857.573461271075,3239.7278846697127,488.0,364.25
258,48.0,1550.6294410436078,1756.575353733324,1559.0,867.3333333333334
259,49.0,3761.264353237302,3240.316143756313,1665.0,1203.0
260,0.0,1508.1677810774,2724.1117391258813,977.0,790.5
261,44.0,2623.8200888679744,2422.392803548667,2591.0,884.4285714285714
262,78.0,67.17011850116474,182.3936173718785,655.0,440.85714285714283
263,35.0,269.5620121687545,488.81711767240193,1809.0,1838.142857142857
264,10.0,352.92171359177735,239.81247486970096,388.0,1011.2
265,73.0,85.09966147772326,174.06589114835066,1997.0,1034.25
266,21.0,179.4593934288483,319.9815684513721,1053.0,444.6
267,9.0,1413.9475951410525,2173.302624678347,1532.0,1317.0
268,53.0,2688.2776996927346,1556.64917338036,385.0,990.8
269,70.0,426.7393602152728,2331.83720019887,3170.0,1880.25
270,93.0,1665.0151716537698,356.64895318201286,982.0,1260.0
271,63.0,3857.573461271075,3239.7278846697127,488.0,364.25
272,83.0,2078.4985042340963,2143.6457532579107,1481.0,936.8333333333334
273,10.0,352.92171359177735,239.81247486970096,388.0,1011.2
274,9.0,1413.9475951410525,2173.302624678347,1532.0,1317.0
275,39.0,3507.0095553309943,2272.0787019756613,2492.0,1708.75
276,31.0,1834.928963401752,2807.5125640050724,2797.0,2025.0
277,41.0,1683.708461308665,3087.9694579041393,1219.0,783.4285714285714
278,47.0,5159.938702220869,1646.7784809404934,1149.0,1547.8333333333333
279,27.0,276.6603123186012,437.194436617734,3617.0,1256.0
280,8.0,3669.7251690836574,3277.6353551237175,1061.0,932.6
281,90.0,4243.04803523275,2462.287583576726,1356.0,978.0
282,22.0,1269.0019175899306,1697.5876028499233,527.0,925.5
283,17.0,454.8683937621444,177.43651985681166,2322.0,1146.1666666666667
284,42.0,4160.043971916007,3323.821437153029,457.0,670.0
285,83.0,2078.4985042340963,2143.6457532579107,1481.0,936.8333333333334
286,57.0,389.6893474692916,258.0941078247429,207.0,566.5
287,60.0,2331.236607773085,2675.0162630263285,709.0,1382.5
289,59.0,1129.4716599158173,828.3606864282543,1281.0,1038.3333333333333
290,41.0,1683.708461308665,3087.9694579041393,1219.0,783.4285714285714
291,49.0,3761.264353237302,3240.316143756313,1665.0,1203.0
292,42.0,4160.043971916007,3323.821437153029,457.0,670.0
293,41.0,1683.708461308665,3087.9694579041393,1219.0,783.4285714285714
294,12.0,549.4814154967364,1351.664721625434,545.0,529.8333333333334
295,79.0,757.9723153645143,589.840944500714,2724.0,893.4
296,22.0,1269.0019175899306,1697.5876028499233,527.0,925.5
297,17.0,454.8683937621444,177.43651985681166,2322.0,1146.1666666666667
298,23.0,103.94658448895737,199.65250604594763,299.0,702.3333333333334
299,31.0,1834.928963401752,2807.5125640050724,2797.0,2025.0
300,58.0,357.78417518470667,1636.5798775829562,719.0,1210.3333333333333
301,17.0,454.8683937621444,177.43651985681166,2322.0,1146.1666666666667
302,41.0,1683.708461308665,3087.9694579041393,1219.0,783.4285714285714
303,73.0,85.09966147772326,174.06589114835066,1997.0,1034.25
304,51.0,3678.797561611891,1547.5654808479455,805.0,1115.5555555555557
305,56.0,163.26650205770838,261.1219498437905,745.0,952.4
306,73.0,85.09966147772326,174.06589114835066,1997.0,1034.25
307,29.0,490.1835788838373,708.4683089810131,674.0,1426.8333333333333
308,22.0,1269.0019175899306,1697.5876028499233,527.0,925.5
309,32.0,365.097573887556,814.302113359219,740.0,662.2
310,34.0,462.85965830728884,194.91603192491183,1031.0,568.5714285714286
311,26.0,5279.511253332904,3857.573461271075,75.0,488.0
312,26.0,5279.511253332904,3857.573461271075,75.0,488.0
313,81.0,353.2785433517407,2406.4664507748785,366.0,1377.25
314,5.0,86.88925791321388,363.0282390276211,2156.0,1745.875
315,35.0,269.5620121687545,488.81711767240193,1809.0,1838.142857142857
316,18.0,905.8965519936772,314.3156158512404,1886.0,1587.4
317,91.0,5338.77683223937,1391.9180798916773,1398.0,1669.3
318,61.0,2092.5473552368617,2547.953444288186,2145.0,2091.2
319,45.0,2323.6412175402515,2715.8490429603326,2194.0,1324.875
320,4.0,153.93872279792896,477.40343271032225,850.0,1267.5
321,0.0,1508.1677810774,2724.1117391258813,977.0,790.5
322,42.0,4160.043971916007,3323.821437153029,457.0,670.0
323,31.0,1834.928963401752,2807.5125640050724,2797.0,2025.0
324,42.0,4160.043971916007,3323.821437153029,457.0,670.0
325,35.0,269.5620121687545,488.81711767240193,1809.0,1838.142857142857
326,46.0,3446.6836630029347,2355.7327278314824,841.0,1113.3333333333333
327,39.0,3507.0095553309943,2272.0787019756613,2492.0,1708.75
328,59.0,1129.4716599158173,828.3606864282543,1281.0,1038.3333333333333
329,67.0,3200.5955613073997,2499.1781643025074,1268.0,762.8571428571429
330,8.0,3669.7251690836574,3277.6353551237175,1061.0,932.6
331,63.0,3857.573461271075,3239.7278846697127,488.0,364.25
332,27.0,276.6603123186012,437.194436617734,3617.0,1256.0
333,13.0,874.8657888337469,1553.890773966665,764.0,777.4285714285714
334,5.0,86.88925791321388,363.0282390276211,2156.0,1745.875
335,9.0,1413.9475951410525,2173.302624678347,1532.0,1317.0
336,92.0,412.87864106737646,2898.9025462861377,1392.0,1140.6666666666667
337,5.0,86.88925791321388,363.0282390276211,2156.0,1745.875
338,5.0,86.88925791321388,363.0282390276211,2156.0,1745.875
339,46.0,3446.6836630029347,2355.7327278314824,841.0,1113.3333333333333
340,23.0,103.94658448895737,199.65250604594763,299.0,702.3333333333334
341,20.0,617.0994417911007,476.3377049039307,374.0,584.3333333333334
342,5.0,86.88925791321388,363.0282390276211,2156.0,1745.875
343,32.0,365.097573887556,814.302113359219,740.0,662.2
344,6.0,515.4725531628092,2333.2876706776738,4146.0,1586.8333333333333
345,29.0,490.1835788838373,708.4683089810131,674.0,1426.8333333333333
346,43.0,235.91358119338952,264.18352748427094,584.0,725.25
347,63.0,3857.573461271075,3239.7278846697127,488.0,364.25
348,18.0,905.8965519936772,314.3156158512404,1886.0,1587.4
349,18.0,905.8965519936772,314.3156158512404,1886.0,1587.4
350,49.0,3761.264353237302,3240.316143756313,1665.0,1203.0
351,74.0,1138.3520681316413,534.6852719738454,669.0,1450.25
352,20.0,617.0994417911007,476.3377049039307,374.0,584.3333333333334
353,72.0,1672.914759658533,3101.7245471977976,1582.0,1196.5
354,73.0,85.09966147772326,174.06589114835066,1997.0,1034.25
355,6.0,515.4725531628092,2333.2876706776738,4146.0,1586.8333333333333
356,73.0,85.09966147772326,174.06589114835066,1997.0,1034.25
357,27.0,276.6603123186012,437.194436617734,3617.0,1256.0
358,47.0,5159.938702220869,1646.7784809404934,1149.0,1547.8333333333333
359,18.0,905.8965519936772,314.3156158512404,1886.0,1587.4
360,56.0,163.26650205770838,261.1219498437905,745.0,952.4
361,20.0,617.0994417911007,476.3377049039307,374.0,584.3333333333334
362,51.0,3678.797561611891,1547.5654808479455,805.0,1115.5555555555557
363,20.0,617.0994417911007,476.3377049039307,374.0,584.3333333333334
364,12.0,549.4814154967364,1351.664721625434,545.0,529.8333333333334
365,4.0,153.93872279792896,477.40343271032225,850.0,1267.5
366,84.0,405.278544110362,172.04428376010574,1098.0,1321.5
367,67.0,3200.5955613073997,2499.1781643025074,1268.0,762.8571428571429
368,70.0,426.7393602152728,2331.83720019887,3170.0,1880.25
369,56.0,163.26650205770838,261.1219498437905,745.0,952.4
370,17.0,454.8683937621444,177.43651985681166,2322.0,1146.1666666666667
371,75.0,2913.2952888806126,2863.2066815605226,254.0,810.1666666666666
372,67.0,3200.5955613073997,2499.1781643025074,1268.0,762.8571428571429
373,44.0,2623.8200888679744,2422.392803548667,2591.0,884.4285714285714
374,32.0,365.097573887556,814.302113359219,740.0,662.2
375,90.0,4243.04803523275,2462.287583576726,1356.0,978.0
376,67.0,3200.5955613073997,2499.1781643025074,1268.0,762.8571428571429
377,73.0,85.09966147772326,174.06589114835066,1997.0,1034.25
378,73.0,85.09966147772326,174.06589114835066,1997.0,1034.25
379,48.0,1550.6294410436078,1756.575353733324,1559.0,867.3333333333334
380,5.0,86.88925791321388,363.0282390276211,2156.0,1745.875
381,79.0,757.9723153645143,589.840944500714,2724.0,893.4
382,57.0,389.6893474692916,258.0941078247429,207.0,566.5
383,17.0,454.8683937621444,177.43651985681166,2322.0,1146.1666666666667
384,41.0,1683.708461308665,3087.9694579041393,1219.0,783.4285714285714
385,32.0,365.097573887556,814.302113359219,740.0,662.2
386,61.0,2092.5473552368617,2547.953444288186,2145.0,2091.2
387,2.0,839.8661431371506,822.6505343116315,365.0,859.0
388,32.0,365.097573887556,814.302113359219,740.0,662.2
389,35.0,269.5620121687545,488.81711767240193,1809.0,1838.142857142857
390,25.0,1960.401059162845,2688.9416244944496,1037.0,1091.6
391,35.0,269.5620121687545,488.81711767240193,1809.0,1838.142857142857
392,17.0,454.8683937621444,177.43651985681166,2322.0,1146.1666666666667
393,41.0,1683.708461308665,3087.9694579041393,1219.0,783.4285714285714
394,53.0,2688.2776996927346,1556.64917338036,385.0,990.8
395,12.0,549.4814154967364,1351.664721625434,545.0,529.8333333333334
396,86.0,500.0093334816155,625.1697889793353,373.0,592.8333333333334
397,79.0,757.9723153645143,589.840944500714,2724.0,893.4
398,73.0,85.09966147772326,174.06589114835066,1997.0,1034.25
399,5.0,86.88925791321388,363.0282390276211,2156.0,1745.875
400,41.0,1683.708461308665,3087.9694579041393,1219.0,783.4285714285714
401,13.0,874.8657888337469,1553.890773966665,764.0,777.4285714285714
402,90.0,4243.04803523275,2462.287583576726,1356.0,978.0
403,67.0,3200.5955613073997,2499.1781643025074,1268.0,762.8571428571429
404,38.0,4546.082134203887,2535.9604640816974,374.0,1911.857142857143
405,63.0,3857.573461271075,3239.7278846697127,488.0,364.25
406,73.0,85.09966147772326,174.06589114835066,1997.0,1034.25
407,59.0,1129.4716599158173,828.3606864282543,1281.0,1038.3333333333333
408,44.0,2623.8200888679744,2422.392803548667,2591.0,884.4285714285714
409,32.0,365.097573887556,814.302113359219,740.0,662.2
410,59.0,1129.4716599158173,828.3606864282543,1281.0,1038.3333333333333
411,32.0,365.097573887556,814.302113359219,740.0,662.2
412,44.0,2623.8200888679744,2422.392803548667,2591.0,884.4285714285714
414,89.0,72.6204825697982,100.52927694822483,1072.0,1028.0
415,4.0,153.93872279792896,477.40343271032225,850.0,1267.5
416,83.0,2078.4985042340963,2143.6457532579107,1481.0,936.8333333333334
417,51.0,3678.797561611891,1547.5654808479455,805.0,1115.5555555555557
418,48.0,1550.6294410436078,1756.575353733324,1559.0,867.3333333333334
419,4.0,153.93872279792896,477.40343271032225,850.0,1267.5
420,73.0,85.09966147772326,174.06589114835066,1997.0,1034.25
421,90.0,4243.04803523275,2462.287583576726,1356.0,978.0
422,79.0,757.9723153645143,589.840944500714,2724.0,893.4
423,5.0,86.88925791321388,363.0282390276211,2156.0,1745.875
424,79.0,757.9723153645143,589.840944500714,2724.0,893.4
425,6.0,515.4725531628092,2333.2876706776738,4146.0,1586.8333333333333
426,73.0,85.09966147772326,174.06589114835066,1997.0,1034.25
427,49.0,3761.264353237302,3240.316143756313,1665.0,1203.0
428,79.0,757.9723153645143,589.840944500714,2724.0,893.4
429,6.0,515.4725531628092,2333.2876706776738,4146.0,1586.8333333333333
430,27.0,276.6603123186012,437.194436617734,3617.0,1256.0
431,69.0,74.64207185076306,71.80791422542586,403.0,782.5
432,4.0,153.93872279792896,477.40343271032225,850.0,1267.5
433,86.0,500.0093334816155,625.1697889793353,373.0,592.8333333333334
434,86.0,500.0093334816155,625.1697889793353,373.0,592.8333333333334
435,27.0,276.6603123186012,437.194436617734,3617.0,1256.0
436,12.0,549.4814154967364,1351.664721625434,545.0,529.8333333333334
437,48.0,1550.6294410436078,1756.575353733324,1559.0,867.3333333333334
438,48.0,1550.6294410436078,1756.575353733324,1559.0,867.3333333333334
439,39.0,3507.0095553309943,2272.0787019756613,2492.0,1708.75
440,44.0,2623.8200888679744,2422.392803548667,2591.0,884.4285714285714
441,0.0,1508.1677810774,2724.1117391258813,977.0,790.5
442,8.0,3669.7251690836574,3277.6353551237175,1061.0,932.6
443,33.0,600.4747573524162,861.4568948563892,304.0,1578.1666666666667
444,18.0,905.8965519936772,314.3156158512404,1886.0,1587.4
445,17.0,454.8683937621444,177.43651985681166,2322.0,1146.1666666666667
446,49.0,3761.264353237302,3240.316143756313,1665.0,1203.0
447,14.0,4065.885219095648,2972.92047015684,696.0,1403.1666666666667
448,8.0,3669.7251690836574,3277.6353551237175,1061.0,932.6
449,59.0,1129.4716599158173,828.3606864282543,1281.0,1038.3333333333333
450,73.0,85.09966147772326,174.06589114835066,1997.0,1034.25
451,67.0,3200.5955613073997,2499.1781643025074,1268.0,762.8571428571429
452,90.0,4243.04803523275,2462.287583576726,1356.0,978.0
453,5.0,86.88925791321388,363.0282390276211,2156.0,1745.875
454,18.0,905.8965519936772,314.3156158512404,1886.0,1587.4
455,0.0,1508.1677810774,2724.1117391258813,977.0,790.5
456,10.0,352.92171359177735,239.81247486970096,388.0,1011.2
457,53.0,2688.2776996927346,1556.64917338036,385.0,990.8
458,59.0,1129.4716599158173,828.3606864282543,1281.0,1038.3333333333333
459,45.0,2323.6412175402515,2715.8490429603326,2194.0,1324.875
460,57.0,389.6893474692916,258.0941078247429,207.0,566.5
461,7.0,92.65170058960136,390.8256836462868,325.0,1449.3333333333333
462,30.0,605.2104207514936,1166.3887929019254,181.0,1969.6666666666667
463,49.0,3761.264353237302,3240.316143756313,1665.0,1203.0
464,29.0,490.1835788838373,708.4683089810131,674.0,1426.8333333333333
465,26.0,5279.511253332904,3857.573461271075,75.0,488.0
466,67.0,3200.5955613073997,2499.1781643025074,1268.0,762.8571428571429
467,22.0,1269.0019175899306,1697.5876028499233,527.0,925.5
468,85.0,87.66267210496866,473.15783886792667,741.0,1313.4285714285713
469,10.0,352.92171359177735,239.81247486970096,388.0,1011.2
470,6.0,515.4725531628092,2333.2876706776738,4146.0,1586.8333333333333
471,66.0,547.1563188823235,1122.3018508098953,1294.0,1584.25
472,46.0,3446.6836630029347,2355.7327278314824,841.0,1113.3333333333333
473,42.0,4160.043971916007,3323.821437153029,457.0,670.0
474,8.0,3669.7251690836574,3277.6353551237175,1061.0,932.6
475,49.0,3761.264353237302,3240.316143756313,1665.0,1203.0
476,41.0,1683.708461308665,3087.9694579041393,1219.0,783.4285714285714
477,32.0,365.097573887556,814.302113359219,740.0,662.2
478,16.0,448.67627737800456,205.71306321144272,454.0,937.8
479,6.0,515.4725531628092,2333.2876706776738,4146.0,1586.8333333333333
480,17.0,454.8683937621444,177.43651985681166,2322.0,1146.1666666666667
481,5.0,86.88925791321388,363.0282390276211,2156.0,1745.875
482,29.0,490.1835788838373,708.4683089810131,674.0,1426.8333333333333
483,60.0,2331.236607773085,2675.0162630263285,709.0,1382.5
484,84.0,405.278544110362,172.04428376010574,1098.0,1321.5
485,18.0,905.8965519936772,314.3156158512404,1886.0,1587.4
486,86.0,500.0093334816155,625.1697889793353,373.0,592.8333333333334
487,9.0,1413.9475951410525,2173.302624678347,1532.0,1317.0
488,41.0,1683.708461308665,3087.9694579041393,1219.0,783.4285714285714
489,9.0,1413.9475951410525,2173.302624678347,1532.0,1317.0
490,31.0,1834.928963401752,2807.5125640050724,2797.0,2025.0
491,6.0,515.4725531628092,2333.2876706776738,4146.0,1586.8333333333333
492,51.0,3678.797561611891,1547.5654808479455,805.0,1115.5555555555557
493,50.0,7745.637617387157,354.76775754518394,5611.0,1033.7777777777778
494,27.0,276.6603123186012,437.194436617734,3617.0,1256.0
495,61.0,2092.5473552368617,2547.953444288186,2145.0,2091.2
496,61.0,2092.5473552368617,2547.953444288186,2145.0,2091.2
497,62.0,2769.150852482591,3027.798692048424,452.0,857.0
498,90.0,4243.04803523275,2462.287583576726,1356.0,978.0
499,5.0,86.88925791321388,363.0282390276211,2156.0,1745.875
500,77.0,332.13489359073054,294.0833992644485,1251.0,891.4
501,55.0,1569.746230401914,1096.0533111608254,231.0,746.6666666666666
502,48.0,1550.6294410436078,1756.575353733324,1559.0,867.3333333333334
503,48.0,1550.6294410436078,1756.575353733324,1559.0,867.3333333333334
504,8.0,3669.7251690836574,3277.6353551237175,1061.0,932.6
505,84.0,405.278544110362,172.04428376010574,1098.0,1321.5
506,63.0,3857.573461271075,3239.7278846697127,488.0,364.25
507,67.0,3200.5955613073997,2499.1781643025074,1268.0,762.8571428571429
508,63.0,3857.573461271075,3239.7278846697127,488.0,364.25
509,8.0,3669.7251690836574,3277.6353551237175,1061.0,932.6
510,63.0,3857.573461271075,3239.7278846697127,488.0,364.25
511,81.0,353.2785433517407,2406.4664507748785,366.0,1377.25
512,55.0,1569.746230401914,1096.0533111608254,231.0,746.6666666666666
513,22.0,1269.0019175899306,1697.5876028499233,527.0,925.5
514,75.0,2913.2952888806126,2863.2066815605226,254.0,810.1666666666666
515,6.0,515.4725531628092,2333.2876706776738,4146.0,1586.8333333333333
516,91.0,5338.77683223937,1391.9180798916773,1398.0,1669.3
517,27.0,276.6603123186012,437.194436617734,3617.0,1256.0
518,67.0,3200.5955613073997,2499.1781643025074,1268.0,762.8571428571429
519,5.0,86.88925791321388,363.0282390276211,2156.0,1745.875
520,53.0,2688.2776996927346,1556.64917338036,385.0,990.8
521,29.0,490.1835788838373,708.4683089810131,674.0,1426.8333333333333
522,32.0,365.097573887556,814.302113359219,740.0,662.2
523,40.0,311.398813089814,612.8627708148542,926.0,687.6
524,9.0,1413.9475951410525,2173.302624678347,1532.0,1317.0
525,12.0,549.4814154967364,1351.664721625434,545.0,529.8333333333334
526,61.0,2092.5473552368617,2547.953444288186,2145.0,2091.2
527,4.0,153.93872279792896,477.40343271032225,850.0,1267.5
528,6.0,515.4725531628092,2333.2876706776738,4146.0,1586.8333333333333
529,6.0,515.4725531628092,2333.2876706776738,4146.0,1586.8333333333333
530,5.0,86.88925791321388,363.0282390276211,2156.0,1745.875
531,5.0,86.88925791321388,363.0282390276211,2156.0,1745.875
532,39.0,3507.0095553309943,2272.0787019756613,2492.0,1708.75
533,61.0,2092.5473552368617,2547.953444288186,2145.0,2091.2
534,61.0,2092.5473552368617,2547.953444288186,2145.0,2091.2
535,81.0,353.2785433517407,2406.4664507748785,366.0,1377.25
536,67.0,3200.5955613073997,2499.1781643025074,1268.0,762.8571428571429
537,44.0,2623.8200888679744,2422.392803548667,2591.0,884.4285714285714
538,41.0,1683.708461308665,3087.9694579041393,1219.0,783.4285714285714
539,17.0,454.8683937621444,177.43651985681166,2322.0,1146.1666666666667
540,25.0,1960.401059162845,2688.9416244944496,1037.0,1091.6
541,90.0,4243.04803523275,2462.287583576726,1356.0,978.0
542,27.0,276.6603123186012,437.194436617734,3617.0,1256.0
543,6.0,515.4725531628092,2333.2876706776738,4146.0,1586.8333333333333
544,38.0,4546.082134203887,2535.9604640816974,374.0,1911.857142857143
545,18.0,905.8965519936772,314.3156158512404,1886.0,1587.4
546,42.0,4160.043971916007,3323.821437153029,457.0,670.0
547,87.0,563.9062073426206,505.37086713928596,640.0,816.1666666666666
548,31.0,1834.928963401752,2807.5125640050724,2797.0,2025.0
549,63.0,3857.573461271075,3239.7278846697127,488.0,364.25
550,27.0,276.6603123186012,437.194436617734,3617.0,1256.0
551,40.0,311.398813089814,612.8627708148542,926.0,687.6
552,77.0,332.13489359073054,294.0833992644485,1251.0,891.4
553,8.0,3669.7251690836574,3277.6353551237175,1061.0,932.6
554,77.0,332.13489359073054,294.0833992644485,1251.0,891.4
555,48.0,1550.6294410436078,1756.575353733324,1559.0,867.3333333333334
556,90.0,4243.04803523275,2462.287583576726,1356.0,978.0
557,18.0,905.8965519936772,314.3156158512404,1886.0,1587.4
558,20.0,617.0994417911007,476.3377049039307,374.0,584.3333333333334
559,48.0,1550.6294410436078,1756.575353733324,1559.0,867.3333333333334
560,20.0,617.0994417911007,476.3377049039307,374.0,584.3333333333334
561,84.0,405.278544110362,172.04428376010574,1098.0,1321.5
562,48.0,1550.6294410436078,1756.575353733324,1559.0,867.3333333333334
563,84.0,405.278544110362,172.04428376010574,1098.0,1321.5
564,45.0,2323.6412175402515,2715.8490429603326,2194.0,1324.875
565,14.0,4065.885219095648,2972.92047015684,696.0,1403.1666666666667
566,55.0,1569.746230401914,1096.0533111608254,231.0,746.6666666666666
567,16.0,448.67627737800456,205.71306321144272,454.0,937.8
568,42.0,4160.043971916007,3323.821437153029,457.0,670.0
569,20.0,617.0994417911007,476.3377049039307,374.0,584.3333333333334
570,31.0,1834.928963401752,2807.5125640050724,2797.0,2025.0
571,47.0,5159.938702220869,1646.7784809404934,1149.0,1547.8333333333333
572,42.0,4160.043971916007,3323.821437153029,457.0,670.0
573,18.0,905.8965519936772,314.3156158512404,1886.0,1587.4
574,90.0,4243.04803523275,2462.287583576726,1356.0,978.0
575,9.0,1413.9475951410525,2173.302624678347,1532.0,1317.0
576,89.0,72.6204825697982,100.52927694822483,1072.0,1028.0
577,23.0,103.94658448895737,199.65250604594763,299.0,702.3333333333334
578,57.0,389.6893474692916,258.0941078247429,207.0,566.5
579,14.0,4065.885219095648,2972.92047015684,696.0,1403.1666666666667
580,17.0,454.8683937621444,177.43651985681166,2322.0,1146.1666666666667
581,79.0,757.9723153645143,589.840944500714,2724.0,893.4
582,85.0,87.66267210496866,473.15783886792667,741.0,1313.4285714285713
583,77.0,332.13489359073054,294.0833992644485,1251.0,891.4
584,43.0,235.91358119338952,264.18352748427094,584.0,725.25
585,0.0,1508.1677810774,2724.1117391258813,977.0,790.5
586,18.0,905.8965519936772,314.3156158512404,1886.0,1587.4
587,7.0,92.65170058960136,390.8256836462868,325.0,1449.3333333333333
588,73.0,85.09966147772326,174.06589114835066,1997.0,1034.25
589,57.0,389.6893474692916,258.0941078247429,207.0,566.5
590,61.0,2092.5473552368617,2547.953444288186,2145.0,2091.2
591,22.0,1269.0019175899306,1697.5876028499233,527.0,925.5
592,61.0,2092.5473552368617,2547.953444288186,2145.0,2091.2
593,56.0,163.26650205770838,261.1219498437905,745.0,952.4
594,27.0,276.6603123186012,437.194436617734,3617.0,1256.0
595,22.0,1269.0019175899306,1697.5876028499233,527.0,925.5
596,29.0,490.1835788838373,708.4683089810131,674.0,1426.8333333333333
597,9.0,1413.9475951410525,2173.302624678347,1532.0,1317.0
598,32.0,365.097573887556,814.302113359219,740.0,662.2
599,53.0,2688.2776996927346,1556.64917338036,385.0,990.8
600,67.0,3200.5955613073997,2499.1781643025074,1268.0,762.8571428571429
601,47.0,5159.938702220869,1646.7784809404934,1149.0,1547.8333333333333
602,75.0,2913.2952888806126,2863.2066815605226,254.0,810.1666666666666
603,67.0,3200.5955613073997,2499.1781643025074,1268.0,762.8571428571429
604,35.0,269.5620121687545,488.81711767240193,1809.0,1838.142857142857
605,30.0,605.2104207514936,1166.3887929019254,181.0,1969.6666666666667
606,59.0,1129.4716599158173,828.3606864282543,1281.0,1038.3333333333333
607,44.0,2623.8200888679744,2422.392803548667,2591.0,884.4285714285714
608,71.0,53.22166730924289,74.8830835998623,342.0,865.6
609,59.0,1129.4716599158173,828.3606864282543,1281.0,1038.3333333333333
610,84.0,405.278544110362,172.04428376010574,1098.0,1321.5
611,4.0,153.93872279792896,477.40343271032225,850.0,1267.5
612,17.0,454.8683937621444,177.43651985681166,2322.0,1146.1666666666667
613,48.0,1550.6294410436078,1756.575353733324,1559.0,867.3333333333334
614,18.0,905.8965519936772,314.3156158512404,1886.0,1587.4
615,29.0,490.1835788838373,708.4683089810131,674.0,1426.8333333333333
616,49.0,3761.264353237302,3240.316143756313,1665.0,1203.0
617,62.0,2769.150852482591,3027.798692048424,452.0,857.0
618,83.0,2078.4985042340963,2143.6457532579107,1481.0,936.8333333333334
619,45.0,2323.6412175402515,2715.8490429603326,2194.0,1324.875
620,14.0,4065.885219095648,2972.92047015684,696.0,1403.1666666666667
621,41.0,1683.708461308665,3087.9694579041393,1219.0,783.4285714285714
622,27.0,276.6603123186012,437.194436617734,3617.0,1256.0
623,59.0,1129.4716599158173,828.3606864282543,1281.0,1038.3333333333333
624,10.0,352.92171359177735,239.81247486970096,388.0,1011.2
625,18.0,905.8965519936772,314.3156158512404,1886.0,1587.4
626,17.0,454.8683937621444,177.43651985681166,2322.0,1146.1666666666667
627,8.0,3669.7251690836574,3277.6353551237175,1061.0,932.6
628,32.0,365.097573887556,814.302113359219,740.0,662.2
629,41.0,1683.708461308665,3087.9694579041393,1219.0,783.4285714285714
630,6.0,515.4725531628092,2333.2876706776738,4146.0,1586.8333333333333
631,41.0,1683.708461308665,3087.9694579041393,1219.0,783.4285714285714
632,16.0,448.67627737800456,205.71306321144272,454.0,937.8
633,44.0,2623.8200888679744,2422.392803548667,2591.0,884.4285714285714
634,75.0,2913.2952888806126,2863.2066815605226,254.0,810.1666666666666
635,41.0,1683.708461308665,3087.9694579041393,1219.0,783.4285714285714
636,83.0,2078.4985042340963,2143.6457532579107,1481.0,936.8333333333334
637,61.0,2092.5473552368617,2547.953444288186,2145.0,2091.2
638,42.0,4160.043971916007,3323.821437153029,457.0,670.0
639,40.0,311.398813089814,612.8627708148542,926.0,687.6
640,90.0,4243.04803523275,2462.287583576726,1356.0,978.0
641,67.0,3200.5955613073997,2499.1781643025074,1268.0,762.8571428571429
642,13.0,874.8657888337469,1553.890773966665,764.0,777.4285714285714
643,63.0,3857.573461271075,3239.7278846697127,488.0,364.25
644,13.0,874.8657888337469,1553.890773966665,764.0,777.4285714285714
645,59.0,1129.4716599158173,828.3606864282543,1281.0,1038.3333333333333
646,4.0,153.93872279792896,477.40343271032225,850.0,1267.5
647,22.0,1269.0019175899306,1697.5876028499233,527.0,925.5
648,46.0,3446.6836630029347,2355.7327278314824,841.0,1113.3333333333333
649,5.0,86.88925791321388,363.0282390276211,2156.0,1745.875
650,41.0,1683.708461308665,3087.9694579041393,1219.0,783.4285714285714
651,91.0,5338.77683223937,1391.9180798916773,1398.0,1669.3
652,45.0,2323.6412175402515,2715.8490429603326,2194.0,1324.875
653,39.0,3507.0095553309943,2272.0787019756613,2492.0,1708.75
654,23.0,103.94658448895737,199.65250604594763,299.0,702.3333333333334
655,35.0,269.5620121687545,488.81711767240193,1809.0,1838.142857142857
656,35.0,269.5620121687545,488.81711767240193,1809.0,1838.142857142857
657,23.0,103.94658448895737,199.65250604594763,299.0,702.3333333333334
658,61.0,2092.5473552368617,2547.953444288186,2145.0,2091.2
659,61.0,2092.5473552368617,2547.953444288186,2145.0,2091.2
660,48.0,1550.6294410436078,1756.575353733324,1559.0,867.3333333333334
661,81.0,353.2785433517407,2406.4664507748785,366.0,1377.25
662,12.0,549.4814154967364,1351.664721625434,545.0,529.8333333333334
663,40.0,311.398813089814,612.8627708148542,926.0,687.6
664,42.0,4160.043971916007,3323.821437153029,457.0,670.0
665,84.0,405.278544110362,172.04428376010574,1098.0,1321.5
666,27.0,276.6603123186012,437.194436617734,3617.0,1256.0
667,46.0,3446.6836630029347,2355.7327278314824,841.0,1113.3333333333333
668,6.0,515.4725531628092,2333.2876706776738,4146.0,1586.8333333333333
669,83.0,2078.4985042340963,2143.6457532579107,1481.0,936.8333333333334
670,9.0,1413.9475951410525,2173.302624678347,1532.0,1317.0
671,63.0,3857.573461271075,3239.7278846697127,488.0,364.25
672,27.0,276.6603123186012,437.194436617734,3617.0,1256.0
673,42.0,4160.043971916007,3323.821437153029,457.0,670.0
674,17.0,454.8683937621444,177.43651985681166,2322.0,1146.1666666666667
675,27.0,276.6603123186012,437.194436617734,3617.0,1256.0
676,9.0,1413.9475951410525,2173.302624678347,1532.0,1317.0
677,77.0,332.13489359073054,294.0833992644485,1251.0,891.4
678,9.0,1413.9475951410525,2173.302624678347,1532.0,1317.0
679,21.0,179.4593934288483,319.9815684513721,1053.0,444.6
680,12.0,549.4814154967364,1351.664721625434,545.0,529.8333333333334
681,91.0,5338.77683223937,1391.9180798916773,1398.0,1669.3
682,17.0,454.8683937621444,177.43651985681166,2322.0,1146.1666666666667
683,85.0,87.66267210496866,473.15783886792667,741.0,1313.4285714285713
684,87.0,563.9062073426206,505.37086713928596,640.0,816.1666666666666
685,2.0,839.8661431371506,822.6505343116315,365.0,859.0
686,44.0,2623.8200888679744,2422.392803548667,2591.0,884.4285714285714
687,31.0,1834.928963401752,2807.5125640050724,2797.0,2025.0
688,46.0,3446.6836630029347,2355.7327278314824,841.0,1113.3333333333333
689,26.0,5279.511253332904,3857.573461271075,75.0,488.0
690,72.0,1672.914759658533,3101.7245471977976,1582.0,1196.5
691,62.0,2769.150852482591,3027.798692048424,452.0,857.0
692,11.0,487.8165326370426,2623.8200888679744,284.0,2591.0
693,67.0,3200.5955613073997,2499.1781643025074,1268.0,762.8571428571429
694,73.0,85.09966147772326,174.06589114835066,1997.0,1034.25
695,17.0,454.8683937621444,177.43651985681166,2322.0,1146.1666666666667
696,57.0,389.6893474692916,258.0941078247429,207.0,566.5
697,20.0,617.0994417911007,476.3377049039307,374.0,584.3333333333334
698,4.0,153.93872279792896,477.40343271032225,850.0,1267.5
699,32.0,365.097573887556,814.302113359219,740.0,662.2
700,12.0,549.4814154967364,1351.664721625434,545.0,529.8333333333334
701,22.0,1269.0019175899306,1697.5876028499233,527.0,925.5
702,4.0,153.93872279792896,477.40343271032225,850.0,1267.5
703,56.0,163.26650205770838,261.1219498437905,745.0,952.4
704,2.0,839.8661431371506,822.6505343116315,365.0,859.0
705,44.0,2623.8200888679744,2422.392803548667,2591.0,884.4285714285714
706,41.0,1683.708461308665,3087.9694579041393,1219.0,783.4285714285714
707,45.0,2323.6412175402515,2715.8490429603326,2194.0,1324.875
708,0.0,1508.1677810774,2724.1117391258813,977.0,790.5
709,56.0,163.26650205770838,261.1219498437905,745.0,952.4
710,9.0,1413.9475951410525,2173.302624678347,1532.0,1317.0
711,46.0,3446.6836630029347,2355.7327278314824,841.0,1113.3333333333333
712,76.0,5792.703159256571,2473.730653204113,437.0,2392.5
713,43.0,235.91358119338952,264.18352748427094,584.0,725.25
714,86.0,500.0093334816155,625.1697889793353,373.0,592.8333333333334
715,17.0,454.8683937621444,177.43651985681166,2322.0,1146.1666666666667
716,5.0,86.88925791321388,363.0282390276211,2156.0,1745.875
717,7.0,92.65170058960136,390.8256836462868,325.0,1449.3333333333333
718,93.0,1665.0151716537698,356.64895318201286,982.0,1260.0
719,2.0,839.8661431371506,822.6505343116315,365.0,859.0
720,92.0,412.87864106737646,2898.9025462861377,1392.0,1140.6666666666667
721,6.0,515.4725531628092,2333.2876706776738,4146.0,1586.8333333333333
722,75.0,2913.2952888806126,2863.2066815605226,254.0,810.1666666666666
723,67.0,3200.5955613073997,2499.1781643025074,1268.0,762.8571428571429
724,9.0,1413.9475951410525,2173.302624678347,1532.0,1317.0
725,91.0,5338.77683223937,1391.9180798916773,1398.0,1669.3
726,46.0,3446.6836630029347,2355.7327278314824,841.0,1113.3333333333333
727,67.0,3200.5955613073997,2499.1781643025074,1268.0,762.8571428571429
728,78.0,67.17011850116474,182.3936173718785,655.0,440.85714285714283
729,9.0,1413.9475951410525,2173.302624678347,1532.0,1317.0
730,39.0,3507.0095553309943,2272.0787019756613,2492.0,1708.75
731,24.0,367.20077446177214,2034.9780055528292,227.0,1052.0
732,88.0,396.288138612434,2899.6601557510758,2539.0,1565.3333333333333
733,1.0,2003.5631603439347,2495.1944087999586,198.0,1119.6666666666667
734,53.0,2688.2776996927346,1556.64917338036,385.0,990.8
735,22.0,1269.0019175899306,1697.5876028499233,527.0,925.5
736,27.0,276.6603123186012,437.194436617734,3617.0,1256.0
737,49.0,3761.264353237302,3240.316143756313,1665.0,1203.0
738,9.0,1413.9475951410525,2173.302624678347,1532.0,1317.0
739,81.0,353.2785433517407,2406.4664507748785,366.0,1377.25
740,7.0,92.65170058960136,390.8256836462868,325.0,1449.3333333333333
741,53.0,2688.2776996927346,1556.64917338036,385.0,990.8
742,48.0,1550.6294410436078,1756.575353733324,1559.0,867.3333333333334
743,4.0,153.93872279792896,477.40343271032225,850.0,1267.5
744,14.0,4065.885219095648,2972.92047015684,696.0,1403.1666666666667
745,57.0,389.6893474692916,258.0941078247429,207.0,566.5
746,65.0,194.81296643501238,292.7442109765089,203.0,889.3333333333334
747,55.0,1569.746230401914,1096.0533111608254,231.0,746.6666666666666
748,83.0,2078.4985042340963,2143.6457532579107,1481.0,936.8333333333334
749,17.0,454.8683937621444,177.43651985681166,2322.0,1146.1666666666667
750,32.0,365.097573887556,814.302113359219,740.0,662.2
751,45.0,2323.6412175402515,2715.8490429603326,2194.0,1324.875
752,69.0,74.64207185076306,71.80791422542586,403.0,782.5
753,90.0,4243.04803523275,2462.287583576726,1356.0,978.0
754,17.0,454.8683937621444,177.43651985681166,2322.0,1146.1666666666667
755,6.0,515.4725531628092,2333.2876706776738,4146.0,1586.8333333333333
756,20.0,617.0994417911007,476.3377049039307,374.0,584.3333333333334
757,45.0,2323.6412175402515,2715.8490429603326,2194.0,1324.875
758,22.0,1269.0019175899306,1697.5876028499233,527.0,925.5
759,17.0,454.8683937621444,177.43651985681166,2322.0,1146.1666666666667
760,6.0,515.4725531628092,2333.2876706776738,4146.0,1586.8333333333333
761,79.0,757.9723153645143,589.840944500714,2724.0,893.4
762,85.0,87.66267210496866,473.15783886792667,741.0,1313.4285714285713
763,92.0,412.87864106737646,2898.9025462861377,1392.0,1140.6666666666667
764,48.0,1550.6294410436078,1756.575353733324,1559.0,867.3333333333334
765,22.0,1269.0019175899306,1697.5876028499233,527.0,925.5
766,41.0,1683.708461308665,3087.9694579041393,1219.0,783.4285714285714
767,9.0,1413.9475951410525,2173.302624678347,1532.0,1317.0
768,22.0,1269.0019175899306,1697.5876028499233,527.0,925.5
769,73.0,85.09966147772326,174.06589114835066,1997.0,1034.25
770,93.0,1665.0151716537698,356.64895318201286,982.0,1260.0
771,90.0,4243.04803523275,2462.287583576726,1356.0,978.0
772,12.0,549.4814154967364,1351.664721625434,545.0,529.8333333333334
773,8.0,3669.7251690836574,3277.6353551237175,1061.0,932.6
774,55.0,1569.746230401914,1096.0533111608254,231.0,746.6666666666666
775,67.0,3200.5955613073997,2499.1781643025074,1268.0,762.8571428571429
776,77.0,332.13489359073054,294.0833992644485,1251.0,891.4
777,23.0,103.94658448895737,199.65250604594763,299.0,702.3333333333334
778,64.0,606.0610245493265,2563.2876894305027,671.0,507.5
779,73.0,85.09966147772326,174.06589114835066,1997.0,1034.25
780,17.0,454.8683937621444,177.43651985681166,2322.0,1146.1666666666667
781,6.0,515.4725531628092,2333.2876706776738,4146.0,1586.8333333333333
782,16.0,448.67627737800456,205.71306321144272,454.0,937.8
783,22.0,1269.0019175899306,1697.5876028499233,527.0,925.5
784,7.0,92.65170058960136,390.8256836462868,325.0,1449.3333333333333
785,23.0,103.94658448895737,199.65250604594763,299.0,702.3333333333334
786,39.0,3507.0095553309943,2272.0787019756613,2492.0,1708.75
787,67.0,3200.5955613073997,2499.1781643025074,1268.0,762.8571428571429
788,15.0,81.74020961357256,203.85137059323355,136.0,1026.0
789,5.0,86.88925791321388,363.0282390276211,2156.0,1745.875
790,72.0,1672.914759658533,3101.7245471977976,1582.0,1196.5
791,45.0,2323.6412175402515,2715.8490429603326,2194.0,1324.875
792,49.0,3761.264353237302,3240.316143756313,1665.0,1203.0
793,91.0,5338.77683223937,1391.9180798916773,1398.0,1669.3
794,18.0,905.8965519936772,314.3156158512404,1886.0,1587.4
795,7.0,92.65170058960136,390.8256836462868,325.0,1449.3333333333333
796,80.0,564.3706514453694,2015.937111201993,1033.0,2172.6
797,57.0,389.6893474692916,258.0941078247429,207.0,566.5
798,75.0,2913.2952888806126,2863.2066815605226,254.0,810.1666666666666
799,5.0,86.88925791321388,363.0282390276211,2156.0,1745.875
800,49.0,3761.264353237302,3240.316143756313,1665.0,1203.0
801,27.0,276.6603123186012,437.194436617734,3617.0,1256.0
802,40.0,311.398813089814,612.8627708148542,926.0,687.6
803,79.0,757.9723153645143,589.840944500714,2724.0,893.4
804,38.0,4546.082134203887,2535.9604640816974,374.0,1911.857142857143
805,84.0,405.278544110362,172.04428376010574,1098.0,1321.5
806,72.0,1672.914759658533,3101.7245471977976,1582.0,1196.5
807,85.0,87.66267210496866,473.15783886792667,741.0,1313.4285714285713
808,6.0,515.4725531628092,2333.2876706776738,4146.0,1586.8333333333333
809,84.0,405.278544110362,172.04428376010574,1098.0,1321.5
810,41.0,1683.708461308665,3087.9694579041393,1219.0,783.4285714285714
811,61.0,2092.5473552368617,2547.953444288186,2145.0,2091.2
812,44.0,2623.8200888679744,2422.392803548667,2591.0,884.4285714285714
814,67.0,3200.5955613073997,2499.1781643025074,1268.0,762.8571428571429
815,18.0,905.8965519936772,314.3156158512404,1886.0,1587.4
816,48.0,1550.6294410436078,1756.575353733324,1559.0,867.3333333333334
817,18.0,905.8965519936772,314.3156158512404,1886.0,1587.4
818,70.0,426.7393602152728,2331.83720019887,3170.0,1880.25
819,7.0,92.65170058960136,390.8256836462868,325.0,1449.3333333333333
820,18.0,905.8965519936772,314.3156158512404,1886.0,1587.4
821,6.0,515.4725531628092,2333.2876706776738,4146.0,1586.8333333333333
822,93.0,1665.0151716537698,356.64895318201286,982.0,1260.0
823,51.0,3678.797561611891,1547.5654808479455,805.0,1115.5555555555557
824,73.0,85.09966147772326,174.06589114835066,1997.0,1034.25
825,29.0,490.1835788838373,708.4683089810131,674.0,1426.8333333333333
826,90.0,4243.04803523275,2462.287583576726,1356.0,978.0
827,29.0,490.1835788838373,708.4683089810131,674.0,1426.8333333333333
828,65.0,194.81296643501238,292.7442109765089,203.0,889.3333333333334
829,89.0,72.6204825697982,100.52927694822483,1072.0,1028.0
830,27.0,276.6603123186012,437.194436617734,3617.0,1256.0
831,70.0,426.7393602152728,2331.83720019887,3170.0,1880.25
832,77.0,332.13489359073054,294.0833992644485,1251.0,891.4
833,9.0,1413.9475951410525,2173.302624678347,1532.0,1317.0
834,39.0,3507.0095553309943,2272.0787019756613,2492.0,1708.75
835,32.0,365.097573887556,814.302113359219,740.0,662.2
836,7.0,92.65170058960136,390.8256836462868,325.0,1449.3333333333333
837,47.0,5159.938702220869,1646.7784809404934,1149.0,1547.8333333333333
838,67.0,3200.5955613073997,2499.1781643025074,1268.0,762.8571428571429
839,80.0,564.3706514453694,2015.937111201993,1033.0,2172.6
840,49.0,3761.264353237302,3240.316143756313,1665.0,1203.0
841,58.0,357.78417518470667,1636.5798775829562,719.0,1210.3333333333333
842,53.0,2688.2776996927346,1556.64917338036,385.0,990.8
843,32.0,365.097573887556,814.302113359219,740.0,662.2
844,66.0,547.1563188823235,1122.3018508098953,1294.0,1584.25
845,59.0,1129.4716599158173,828.3606864282543,1281.0,1038.3333333333333
846,48.0,1550.6294410436078,1756.575353733324,1559.0,867.3333333333334
847,50.0,7745.637617387157,354.76775754518394,5611.0,1033.7777777777778
848,67.0,3200.5955613073997,2499.1781643025074,1268.0,762.8571428571429
849,77.0,332.13489359073054,294.0833992644485,1251.0,891.4
850,10.0,352.92171359177735,239.81247486970096,388.0,1011.2
851,50.0,7745.637617387157,354.76775754518394,5611.0,1033.7777777777778
852,63.0,3857.573461271075,3239.7278846697127,488.0,364.25
853,11.0,487.8165326370426,2623.8200888679744,284.0,2591.0
854,72.0,1672.914759658533,3101.7245471977976,1582.0,1196.5
855,9.0,1413.9475951410525,2173.302624678347,1532.0,1317.0
856,41.0,1683.708461308665,3087.9694579041393,1219.0,783.4285714285714
857,23.0,103.94658448895737,199.65250604594763,299.0,702.3333333333334
858,89.0,72.6204825697982,100.52927694822483,1072.0,1028.0
859,77.0,332.13489359073054,294.0833992644485,1251.0,891.4
860,44.0,2623.8200888679744,2422.392803548667,2591.0,884.4285714285714
861,22.0,1269.0019175899306,1697.5876028499233,527.0,925.5
862,4.0,153.93872279792896,477.40343271032225,850.0,1267.5
863,21.0,179.4593934288483,319.9815684513721,1053.0,444.6
864,48.0,1550.6294410436078,1756.575353733324,1559.0,867.3333333333334
865,11.0,487.8165326370426,2623.8200888679744,284.0,2591.0
866,13.0,874.8657888337469,1553.890773966665,764.0,777.4285714285714
867,63.0,3857.573461271075,3239.7278846697127,488.0,364.25
868,14.0,4065.885219095648,2972.92047015684,696.0,1403.1666666666667
869,67.0,3200.5955613073997,2499.1781643025074,1268.0,762.8571428571429
870,20.0,617.0994417911007,476.3377049039307,374.0,584.3333333333334
871,21.0,179.4593934288483,319.9815684513721,1053.0,444.6
872,51.0,3678.797561611891,1547.5654808479455,805.0,1115.5555555555557
873,61.0,2092.5473552368617,2547.953444288186,2145.0,2091.2
874,10.0,352.92171359177735,239.81247486970096,388.0,1011.2
875,48.0,1550.6294410436078,1756.575353733324,1559.0,867.3333333333334
876,27.0,276.6603123186012,437.194436617734,3617.0,1256.0
877,10.0,352.92171359177735,239.81247486970096,388.0,1011.2
878,22.0,1269.0019175899306,1697.5876028499233,527.0,925.5
879,90.0,4243.04803523275,2462.287583576726,1356.0,978.0
880,0.0,1508.1677810774,2724.1117391258813,977.0,790.5
881,79.0,757.9723153645143,589.840944500714,2724.0,893.4
882,17.0,454.8683937621444,177.43651985681166,2322.0,1146.1666666666667
883,26.0,5279.511253332904,3857.573461271075,75.0,488.0
884,46.0,3446.6836630029347,2355.7327278314824,841.0,1113.3333333333333
885,5.0,86.88925791321388,363.0282390276211,2156.0,1745.875
886,64.0,606.0610245493265,2563.2876894305027,671.0,507.5
887,51.0,3678.797561611891,1547.5654808479455,805.0,1115.5555555555557
888,8.0,3669.7251690836574,3277.6353551237175,1061.0,932.6
889,86.0,500.0093334816155,625.1697889793353,373.0,592.8333333333334
890,32.0,365.097573887556,814.302113359219,740.0,662.2
891,79.0,757.9723153645143,589.840944500714,2724.0,893.4
892,32.0,365.097573887556,814.302113359219,740.0,662.2
893,72.0,1672.914759658533,3101.7245471977976,1582.0,1196.5
894,77.0,332.13489359073054,294.0833992644485,1251.0,891.4
895,73.0,85.09966147772326,174.06589114835066,1997.0,1034.25
896,90.0,4243.04803523275,2462.287583576726,1356.0,978.0
897,93.0,1665.0151716537698,356.64895318201286,982.0,1260.0
898,73.0,85.09966147772326,174.06589114835066,1997.0,1034.25
899,42.0,4160.043971916007,3323.821437153029,457.0,670.0
900,69.0,74.64207185076306,71.80791422542586,403.0,782.5
901,48.0,1550.6294410436078,1756.575353733324,1559.0,867.3333333333334
902,22.0,1269.0019175899306,1697.5876028499233,527.0,925.5
903,43.0,235.91358119338952,264.18352748427094,584.0,725.25
904,20.0,617.0994417911007,476.3377049039307,374.0,584.3333333333334
905,44.0,2623.8200888679744,2422.392803548667,2591.0,884.4285714285714
906,53.0,2688.2776996927346,1556.64917338036,385.0,990.8
907,60.0,2331.236607773085,2675.0162630263285,709.0,1382.5
908,0.0,1508.1677810774,2724.1117391258813,977.0,790.5
909,90.0,4243.04803523275,2462.287583576726,1356.0,978.0
910,27.0,276.6603123186012,437.194436617734,3617.0,1256.0
911,84.0,405.278544110362,172.04428376010574,1098.0,1321.5
912,6.0,515.4725531628092,2333.2876706776738,4146.0,1586.8333333333333
913,9.0,1413.9475951410525,2173.302624678347,1532.0,1317.0
914,2.0,839.8661431371506,822.6505343116315,365.0,859.0
915,71.0,53.22166730924289,74.8830835998623,342.0,865.6
916,72.0,1672.914759658533,3101.7245471977976,1582.0,1196.5
917,57.0,389.6893474692916,258.0941078247429,207.0,566.5
918,44.0,2623.8200888679744,2422.392803548667,2591.0,884.4285714285714
919,27.0,276.6603123186012,437.194436617734,3617.0,1256.0
920,79.0,757.9723153645143,589.840944500714,2724.0,893.4
921,77.0,332.13489359073054,294.0833992644485,1251.0,891.4
922,58.0,357.78417518470667,1636.5798775829562,719.0,1210.3333333333333
923,92.0,412.87864106737646,2898.9025462861377,1392.0,1140.6666666666667
924,12.0,549.4814154967364,1351.664721625434,545.0,529.8333333333334
925,10.0,352.92171359177735,239.81247486970096,388.0,1011.2
926,84.0,405.278544110362,172.04428376010574,1098.0,1321.5
927,6.0,515.4725531628092,2333.2876706776738,4146.0,1586.8333333333333
928,49.0,3761.264353237302,3240.316143756313,1665.0,1203.0
929,92.0,412.87864106737646,2898.9025462861377,1392.0,1140.6666666666667
930,73.0,85.09966147772326,174.06589114835066,1997.0,1034.25
931,10.0,352.92171359177735,239.81247486970096,388.0,1011.2
932,77.0,332.13489359073054,294.0833992644485,1251.0,891.4
933,32.0,365.097573887556,814.302113359219,740.0,662.2
934,73.0,85.09966147772326,174.06589114835066,1997.0,1034.25
935,40.0,311.398813089814,612.8627708148542,926.0,687.6
936,75.0,2913.2952888806126,2863.2066815605226,254.0,810.1666666666666
937,27.0,276.6603123186012,437.194436617734,3617.0,1256.0
938,29.0,490.1835788838373,708.4683089810131,674.0,1426.8333333333333
939,48.0,1550.6294410436078,1756.575353733324,1559.0,867.3333333333334
940,42.0,4160.043971916007,3323.821437153029,457.0,670.0
941,84.0,405.278544110362,172.04428376010574,1098.0,1321.5
942,2.0,839.8661431371506,822.6505343116315,365.0,859.0
943,15.0,81.74020961357256,203.85137059323355,136.0,1026.0
944,79.0,757.9723153645143,589.840944500714,2724.0,893.4
945,12.0,549.4814154967364,1351.664721625434,545.0,529.8333333333334
946,79.0,757.9723153645143,589.840944500714,2724.0,893.4
947,78.0,67.17011850116474,182.3936173718785,655.0,440.85714285714283
948,22.0,1269.0019175899306,1697.5876028499233,527.0,925.5
949,63.0,3857.573461271075,3239.7278846697127,488.0,364.25
950,61.0,2092.5473552368617,2547.953444288186,2145.0,2091.2
951,22.0,1269.0019175899306,1697.5876028499233,527.0,925.5
952,21.0,179.4593934288483,319.9815684513721,1053.0,444.6
953,77.0,332.13489359073054,294.0833992644485,1251.0,891.4
954,77.0,332.13489359073054,294.0833992644485,1251.0,891.4
955,40.0,311.398813089814,612.8627708148542,926.0,687.6
956,61.0,2092.5473552368617,2547.953444288186,2145.0,2091.2
957,49.0,3761.264353237302,3240.316143756313,1665.0,1203.0
958,11.0,487.8165326370426,2623.8200888679744,284.0,2591.0
959,44.0,2623.8200888679744,2422.392803548667,2591.0,884.4285714285714
960,89.0,72.6204825697982,100.52927694822483,1072.0,1028.0
961,10.0,352.92171359177735,239.81247486970096,388.0,1011.2
962,57.0,389.6893474692916,258.0941078247429,207.0,566.5
963,84.0,405.278544110362,172.04428376010574,1098.0,1321.5
964,85.0,87.66267210496866,473.15783886792667,741.0,1313.4285714285713
965,39.0,3507.0095553309943,2272.0787019756613,2492.0,1708.75
966,4.0,153.93872279792896,477.40343271032225,850.0,1267.5
967,32.0,365.097573887556,814.302113359219,740.0,662.2
968,67.0,3200.5955613073997,2499.1781643025074,1268.0,762.8571428571429
969,29.0,490.1835788838373,708.4683089810131,674.0,1426.8333333333333
971,60.0,2331.236607773085,2675.0162630263285,709.0,1382.5
972,66.0,547.1563188823235,1122.3018508098953,1294.0,1584.25
973,60.0,2331.236607773085,2675.0162630263285,709.0,1382.5
974,41.0,1683.708461308665,3087.9694579041393,1219.0,783.4285714285714
976,0.0,1508.1677810774,2724.1117391258813,977.0,790.5
977,23.0,103.94658448895737,199.65250604594763,299.0,702.3333333333334
978,58.0,357.78417518470667,1636.5798775829562,719.0,1210.3333333333333
979,78.0,67.17011850116474,182.3936173718785,655.0,440.85714285714283
980,39.0,3507.0095553309943,2272.0787019756613,2492.0,1708.75
981,6.0,515.4725531628092,2333.2876706776738,4146.0,1586.8333333333333
982,72.0,1672.914759658533,3101.7245471977976,1582.0,1196.5
983,17.0,454.8683937621444,177.43651985681166,2322.0,1146.1666666666667
984,57.0,389.6893474692916,258.0941078247429,207.0,566.5
985,66.0,547.1563188823235,1122.3018508098953,1294.0,1584.25
986,47.0,5159.938702220869,1646.7784809404934,1149.0,1547.8333333333333
987,60.0,2331.236607773085,2675.0162630263285,709.0,1382.5
988,90.0,4243.04803523275,2462.287583576726,1356.0,978.0
989,0.0,1508.1677810774,2724.1117391258813,977.0,790.5
990,93.0,1665.0151716537698,356.64895318201286,982.0,1260.0
991,56.0,163.26650205770838,261.1219498437905,745.0,952.4
992,22.0,1269.0019175899306,1697.5876028499233,527.0,925.5
993,44.0,2623.8200888679744,2422.392803548667,2591.0,884.4285714285714
994,2.0,839.8661431371506,822.6505343116315,365.0,859.0
995,45.0,2323.6412175402515,2715.8490429603326,2194.0,1324.875
996,59.0,1129.4716599158173,828.3606864282543,1281.0,1038.3333333333333
997,72.0,1672.914759658533,3101.7245471977976,1582.0,1196.5
998,57.0,389.6893474692916,258.0941078247429,207.0,566.5
999,47.0,5159.938702220869,1646.7784809404934,1149.0,1547.8333333333333
