sales_volume_location,sales_volume_location_2016,sales_volume_location_2015,latitude,longitude,zestimate,primary_type,zestimate_NEXT_TO,primary_type_NEXT_TO
7959.0,12148.0,16198.0,41.96843,-87.73453,369466.92852741835,2309.0,501768.96697892627,1732.8333333333333
9640.0,13420.0,13420.0,41.88798,-87.67486,345766.0279329609,2089.0,456699.3476194784,4845.75
3853.0,6089.0,3000.0,41.86212,-87.69216,174195.31474103587,9029.0,264464.3232107371,6675.2
4287.0,6045.0,6045.0,41.88546,-87.7321,194151.69814366425,10237.0,346094.5277481123,6511.166666666667
9063.0,12638.0,12638.0,41.94774,-87.64933,550774.8439306358,519.0,817196.5921541319,4615.0
27185.0,37111.0,12000.0,41.90502,-87.64147,604957.6953642385,5595.0,958291.0682707691,3165.375
28307.0,39929.0,39929.0,41.94933,-87.67505,846027.8678540649,1277.0,647857.492969017,2712.25
3267.0,4607.0,4607.0,41.80457,-87.64669,147270.02348993288,3986.0,190896.82900681198,3376.1666666666665
1789.0,1858.0,1858.0,41.88488,-87.61501,802738.0172786177,9284.0,529645.3188537043,1800.6666666666667
5111.0,5310.0,5310.0,41.88456,-87.6553,508539.77559607296,4121.0,495191.6504191511,2947.4444444444443
767.0,796.0,796.0,41.85565,-87.68117,323440.661268556,2160.0,332105.5853244769,2985.222222222222
5111.0,5310.0,12428.0,41.81885,-87.63207,118075.21929824562,710.0,233576.08059180892,4113.333333333333
12778.0,13276.0,13276.0,41.85195,-87.67891,323440.661268556,2160.0,332105.5853244769,2985.222222222222
1789.0,1858.0,1858.0,41.90734000000001,-87.62638000000003,1676838.826446281,560.0,822538.8285309215,2684.3333333333335
767.0,796.0,796.0,41.95389,-87.65502,788802.5792207792,500.0,652920.5903312737,4054.0
119239.0,166289.0,35500.0,41.8975,-87.74036,255649.45671641792,9022.0,411416.4491430084,4833.0
1023.0,1062.0,1062.0,41.95671,-87.65212,488644.58850841556,3493.0,727135.3193835611,1826.1666666666667
512.0,531.0,531.0,41.95413,-87.64596999999998,817196.5921541319,4615.0,807652.5920309358,1677.142857142857
1278.0,1327.0,1327.0,41.95671,-87.65473,488644.58850841556,3493.0,727135.3193835611,1826.1666666666667
7156.0,7434.0,7434.0,41.92028,-87.64093000000003,1196657.6952380952,3360.0,980144.7036494268,2320.125
512.0,531.0,531.0,41.9292,-87.64856999999998,1196657.6952380952,3360.0,980144.7036494268,2320.125
2556.0,2655.0,2655.0,41.85157,-87.63165,340545.66071428574,425.0,419959.71640089375,1987.4
256.0,265.0,265.0,41.85112,-87.63228000000002,340545.66071428574,425.0,419959.71640089375,1987.4
767.0,796.0,796.0,41.85203,-87.63228000000002,340545.66071428574,425.0,419959.71640089375,1987.4
767.0,796.0,796.0,41.71348,-87.55086,70045.93081761006,1718.0,113078.94570377811,1448.7142857142858
4856.0,5044.0,5044.0,41.73337,-87.55093000000002,110830.66248693835,4232.0,132266.96834611098,2712.8
512.0,531.0,531.0,41.73038,-87.55025,110830.66248693835,4232.0,132266.96834611098,2712.8
512.0,531.0,531.0,41.96084000000001,-87.71596,408564.3955613577,2724.0,472224.2381056808,1775.5714285714287
4293.0,5986.0,5986.0,41.97648,-87.77139,310830.10698141635,1065.0,361094.9201218921,1566.6666666666667
1023.0,1062.0,1062.0,41.7534,-87.64378,105200.6774049217,7153.0,137678.8604796477,5471.375
767.0,796.0,796.0,41.7502,-87.65816,105200.6774049217,7153.0,137678.8604796477,5471.375
1278.0,1327.0,1327.0,41.73552,-87.65777,105200.6774049217,7153.0,137678.8604796477,5471.375
1023.0,1062.0,1062.0,41.89136,-87.65554,657765.9010238908,2472.0,577048.8615566454,3892.1
2598.0,3271.0,3271.0,41.8506,-87.72577,174195.31474103587,9029.0,264464.3232107371,6675.2
256.0,265.0,265.0,41.90127,-87.66781999999998,558143.5544554455,392.0,642716.7425178615,1829.6666666666667
767.0,796.0,796.0,41.84391,-87.7284,161538.79056709714,4524.0,228346.3992391644,2853.6666666666665
1534.0,1593.0,1593.0,41.84036,-87.73087,161538.79056709714,4524.0,228346.3992391644,2853.6666666666665
1534.0,1593.0,1593.0,41.84387,-87.73250999999998,161538.79056709714,4524.0,228346.3992391644,2853.6666666666665
4345.0,4513.0,4513.0,41.96764,-87.7081,369466.92852741835,2309.0,501768.96697892627,1732.8333333333333
6389.0,6638.0,6638.0,41.96863,-87.71599,369466.92852741835,2309.0,501768.96697892627,1732.8333333333333
1023.0,1062.0,1062.0,41.9686,-87.71925,369466.92852741835,2309.0,501768.96697892627,1732.8333333333333
512.0,531.0,531.0,41.96592,-87.6892,639062.7041644132,1892.0,545249.6846952764,2373.4444444444443
1023.0,1062.0,1062.0,42.0094,-87.66176999999998,310540.02964118565,3654.0,409252.03267015086,2810.5
1278.0,1327.0,1327.0,41.65211,-87.61678,50665.166666666664,1298.0,85724.0494855441,2822.0
767.0,796.0,796.0,41.69371,-87.62312,102711.14822006473,6788.0,110671.77307300281,3135.625
512.0,531.0,531.0,41.71568,-87.62086,102711.14822006473,6788.0,110671.77307300281,3135.625
1278.0,1327.0,1327.0,41.69371,-87.62312,102711.14822006473,6788.0,110671.77307300281,3135.625
596.0,944.0,944.0,41.7857,-87.73698,196968.47516679022,1483.0,185528.9328636008,2256.3333333333335
512.0,531.0,531.0,41.78607,-87.69762,147830.85739750444,5481.0,138275.90027954598,5183.2
3702.0,5221.0,5221.0,41.97486,-87.78231,310830.10698141635,1065.0,361094.9201218921,1566.6666666666667
256.0,265.0,265.0,41.96838,-87.72792,369466.92852741835,2309.0,501768.96697892627,1732.8333333333333
1186.0,2148.0,2148.0,41.79948,-87.70406,150317.5129434324,1964.0,155907.55291200802,4512.666666666667
2300.0,2389.0,2389.0,41.93813,-87.7798,254227.90304878048,4254.0,258602.64636018002,4238.142857142857
256.0,265.0,265.0,41.93868,-87.80711,273667.0926941447,1426.0,270509.91384823824,2332.25
1023.0,1062.0,1062.0,41.90921,-87.78711,269140.65401785716,457.0,231556.32079920894,6247.666666666667
256.0,265.0,265.0,41.76653,-87.66906999999998,58636.80568720379,13037.0,128917.97160025159,3999.1428571428573
1278.0,1327.0,1327.0,41.77762,-87.66701,58636.80568720379,13037.0,128917.97160025159,3999.1428571428573
512.0,531.0,531.0,41.77335,-87.60004,160850.25199362042,3417.0,255434.07113188843,3820.8
1193.0,1662.0,1662.0,41.9239,-87.74977,254227.90304878048,4254.0,258602.64636018002,4238.142857142857
3323.0,3451.0,3451.0,41.92447,-87.75214,254227.90304878048,4254.0,258602.64636018002,4238.142857142857
5878.0,6107.0,6107.0,41.92469000000001,-87.73708,268652.4436781609,1172.0,327755.36401724356,5547.142857142857
256.0,265.0,265.0,41.91012,-87.73201999999998,255649.45671641792,9022.0,411416.4491430084,4833.0
1908.0,2660.0,2660.0,41.91708,-87.75822,254227.90304878048,4254.0,258602.64636018002,4238.142857142857
512.0,531.0,531.0,41.97031,-87.6796,639062.7041644132,1892.0,545249.6846952764,2373.4444444444443
12778.0,13276.0,13276.0,41.69714000000001,-87.68175,227228.10582010582,1998.0,165512.79413178487,3018.2
4089.0,4248.0,4248.0,41.72131,-87.67459000000002,285639.3509117792,873.0,173780.49289113728,2990.0
256.0,265.0,265.0,41.99800000000001,-87.68885,343996.8509576694,3328.0,446434.4284936709,2195.25
512.0,531.0,531.0,42.01156,-87.68267,310540.02964118565,3654.0,409252.03267015086,2810.5
256.0,265.0,265.0,41.91019,-87.68217,770058.1383763838,2340.0,546237.0593831207,2876.8333333333335
42166.0,43811.0,43811.0,41.9317,-87.7132,469298.8703597944,3610.0,511525.4156738535,3167.8
512.0,531.0,531.0,41.93207,-87.68876999999998,469298.8703597944,3610.0,511525.4156738535,3167.8
19167.0,19914.0,19914.0,41.92428,-87.71759,469298.8703597944,3610.0,511525.4156738535,3167.8
512.0,531.0,531.0,41.75858,-87.55995,144173.1340388007,8323.0,121089.08159909117,2995.8
512.0,531.0,531.0,41.75918,-87.56591,144173.1340388007,8323.0,121089.08159909117,2995.8
767.0,796.0,796.0,41.90204,-87.75305999999998,176850.4503600823,13902.0,236002.91172431945,5695.166666666667
512.0,531.0,531.0,41.89867,-87.73127,255649.45671641792,9022.0,411416.4491430084,4833.0
1278.0,1327.0,1327.0,41.73639,-87.72112,180256.03019538187,2279.0,183909.8402202489,3747.5
7667.0,7965.0,7965.0,41.80929,-87.61883,308244.1517094017,3061.0,369207.20566497307,1490.2857142857142
2300.0,2389.0,2389.0,41.80948,-87.62113000000002,308244.1517094017,3061.0,369207.20566497307,1490.2857142857142
512.0,531.0,531.0,41.94165,-87.67824,846027.8678540649,1277.0,647857.492969017,2712.25
6389.0,6638.0,6638.0,41.99837,-87.66765,310540.02964118565,3654.0,409252.03267015086,2810.5
1023.0,1062.0,1062.0,41.89501,-87.75803,176850.4503600823,13902.0,236002.91172431945,5695.166666666667
7667.0,7965.0,7965.0,41.98736,-87.7789,327953.69185840705,1138.0,348930.95679311396,784.0
11500.0,11948.0,11948.0,41.96882,-87.69527,639062.7041644132,1892.0,545249.6846952764,2373.4444444444443
256.0,265.0,265.0,41.807,-87.65798000000002,147270.02348993288,3986.0,190896.82900681198,3376.1666666666665
767.0,796.0,796.0,41.92671,-87.76643,254227.90304878048,4254.0,258602.64636018002,4238.142857142857
512.0,531.0,531.0,41.86617,-87.71862,174195.31474103587,9029.0,264464.3232107371,6675.2
256.0,265.0,265.0,41.84624,-87.70176,161538.79056709714,4524.0,228346.3992391644,2853.6666666666665
256.0,265.0,265.0,41.83504,-87.64842,373531.3944738389,1444.0,258772.8837019161,1451.5
1278.0,1327.0,1327.0,41.84841,-87.63221,340545.66071428574,425.0,419959.71640089375,1987.4
512.0,531.0,531.0,41.92259,-87.7024,469298.8703597944,3610.0,511525.4156738535,3167.8
14980.0,56685.0,56685.0,41.89696,-87.64517,657765.9010238908,2472.0,577048.8615566454,3892.1
256.0,265.0,265.0,41.96491,-87.6614,488644.58850841556,3493.0,727135.3193835611,1826.1666666666667
1278.0,1327.0,1327.0,41.80067,-87.7323,198105.0079575597,839.0,193948.82903184945,2401.25
767.0,796.0,796.0,41.847,-87.71252,161538.79056709714,4524.0,228346.3992391644,2853.6666666666665
256.0,265.0,265.0,41.82808,-87.69071,196361.78038815118,2217.0,202501.09040272055,2175.714285714286
512.0,531.0,531.0,41.93144,-87.77316,254227.90304878048,4254.0,258602.64636018002,4238.142857142857
767.0,796.0,796.0,41.91032,-87.70363,255649.45671641792,9022.0,411416.4491430084,4833.0
76665.0,79657.0,79657.0,41.81382,-87.72279,198105.0079575597,839.0,193948.82903184945,2401.25
512.0,531.0,531.0,41.99795,-87.69158,343996.8509576694,3328.0,446434.4284936709,2195.25
512.0,531.0,531.0,41.96454,-87.65706,488644.58850841556,3493.0,727135.3193835611,1826.1666666666667
1278.0,1327.0,1327.0,42.00134,-87.66261,310540.02964118565,3654.0,409252.03267015086,2810.5
15333.0,15931.0,15931.0,41.92761,-87.76624,254227.90304878048,4254.0,258602.64636018002,4238.142857142857
767.0,796.0,796.0,41.97968,-87.6595,474507.2143826323,2293.0,515891.8263594058,2549.4
1023.0,1062.0,1062.0,41.74134,-87.7215,180256.03019538187,2279.0,183909.8402202489,3747.5
512.0,531.0,531.0,41.99313,-87.6599,474507.2143826323,2293.0,515891.8263594058,2549.4
1278.0,1327.0,1327.0,41.85366,-87.63238,340545.66071428574,425.0,419959.71640089375,1987.4
767.0,796.0,796.0,41.93644000000001,-87.71965,427028.6540084388,2217.0,565756.3926086486,1974.2
512.0,531.0,531.0,41.8584,-87.66657,323440.661268556,2160.0,332105.5853244769,2985.222222222222
1023.0,1062.0,1062.0,41.97376,-87.69149,639062.7041644132,1892.0,545249.6846952764,2373.4444444444443
256.0,265.0,265.0,42.00284,-87.67211999999998,310540.02964118565,3654.0,409252.03267015086,2810.5
1278.0,1327.0,1327.0,41.76458,-87.62441,94804.87866772403,6091.0,120121.9931602209,5965.428571428572
767.0,796.0,796.0,41.85518,-87.71219,174195.31474103587,9029.0,264464.3232107371,6675.2
215.0,302.0,302.0,41.88724000000001,-87.70419,194151.69814366425,10237.0,346094.5277481123,6511.166666666667
767.0,796.0,796.0,41.7752,-87.6402,58636.80568720379,13037.0,128917.97160025159,3999.1428571428573
85.0,1291.0,968.0,41.98376,-87.69102,343996.8509576694,3328.0,446434.4284936709,2195.25
767.0,796.0,796.0,41.97315,-87.65782,488644.58850841556,3493.0,727135.3193835611,1826.1666666666667
512.0,531.0,531.0,41.92085,-87.71234,469298.8703597944,3610.0,511525.4156738535,3167.8
1023.0,1062.0,1062.0,41.88794,-87.75499,176850.4503600823,13902.0,236002.91172431945,5695.166666666667
512.0,531.0,531.0,41.78051,-87.61476,160850.25199362042,3417.0,255434.07113188843,3820.8
767.0,796.0,796.0,41.84978,-87.70432,161538.79056709714,4524.0,228346.3992391644,2853.6666666666665
256.0,265.0,265.0,41.99786,-87.66759,474507.2143826323,2293.0,515891.8263594058,2549.4
767.0,796.0,796.0,41.92074,-87.72211999999998,469298.8703597944,3610.0,511525.4156738535,3167.8
512.0,531.0,531.0,41.93769,-87.78625,254227.90304878048,4254.0,258602.64636018002,4238.142857142857
767.0,796.0,796.0,41.76373,-87.56085999999998,144173.1340388007,8323.0,121089.08159909117,2995.8
256.0,265.0,265.0,41.79798,-87.72459,188377.37534246576,872.0,198024.09962645904,1574.1666666666667
5111.0,5310.0,5310.0,41.88647,-87.62158000000002,802738.0172786177,9284.0,529645.3188537043,1800.6666666666667
512.0,531.0,531.0,41.96142,-87.71051,369466.92852741835,2309.0,501768.96697892627,1732.8333333333333
1534.0,1593.0,1593.0,41.75216,-87.55376,144173.1340388007,8323.0,121089.08159909117,2995.8
3834.0,3982.0,3982.0,41.75075,-87.65307,105200.6774049217,7153.0,137678.8604796477,5471.375
767.0,796.0,796.0,41.85169000000001,-87.72872,174195.31474103587,9029.0,264464.3232107371,6675.2
767.0,796.0,796.0,41.90167,-87.72610999999998,255649.45671641792,9022.0,411416.4491430084,4833.0
767.0,796.0,796.0,42.01576,-87.66845,310540.02964118565,3654.0,409252.03267015086,2810.5
1534.0,1593.0,1593.0,41.80199,-87.61861999999998,138926.632,2609.0,283367.58701171237,4231.714285714285
1278.0,1327.0,1327.0,41.77038,-87.68326,147830.85739750444,5481.0,138275.90027954598,5183.2
512.0,531.0,531.0,41.92594,-87.75633,254227.90304878048,4254.0,258602.64636018002,4238.142857142857
767.0,796.0,796.0,41.84984,-87.6931,161538.79056709714,4524.0,228346.3992391644,2853.6666666666665
512.0,531.0,531.0,41.72155,-87.65935,116355.89500860585,3024.0,180194.82058921788,4203.0
1023.0,1062.0,1062.0,41.89165,-87.72038,255649.45671641792,9022.0,411416.4491430084,4833.0
1023.0,1062.0,1062.0,41.84753,-87.63221,374847.4761904762,543.0,335486.45409912354,1656.1666666666667
256.0,265.0,265.0,41.92057,-87.73679,268652.4436781609,1172.0,327755.36401724356,5547.142857142857
512.0,531.0,531.0,41.99823,-87.6861,343996.8509576694,3328.0,446434.4284936709,2195.25
256.0,265.0,265.0,41.78661,-87.72336,188377.37534246576,872.0,198024.09962645904,1574.1666666666667
2556.0,2655.0,2655.0,41.73571,-87.64749,105200.6774049217,7153.0,137678.8604796477,5471.375
1789.0,1858.0,1858.0,41.99759,-87.70336,343996.8509576694,3328.0,446434.4284936709,2195.25
5111.0,5310.0,5310.0,41.70704,-87.61411,102711.14822006473,6788.0,110671.77307300281,3135.625
1023.0,1062.0,1062.0,41.83703,-87.72192,161538.79056709714,4524.0,228346.3992391644,2853.6666666666665
4856.0,5044.0,5044.0,41.87979,-87.77062,176850.4503600823,13902.0,236002.91172431945,5695.166666666667
5367.0,5575.0,5575.0,41.92468,-87.63973,1196657.6952380952,3360.0,980144.7036494268,2320.125
1789.0,1858.0,1858.0,41.99787,-87.69665,343996.8509576694,3328.0,446434.4284936709,2195.25
767.0,796.0,796.0,41.7752,-87.6402,58636.80568720379,13037.0,128917.97160025159,3999.1428571428573
1023.0,1062.0,1062.0,41.82545,-87.64145,373531.3944738389,1444.0,258772.8837019161,1451.5
767.0,796.0,796.0,41.84668,-87.67936999999998,323440.661268556,2160.0,332105.5853244769,2985.222222222222
2045.0,2124.0,2124.0,41.96186,-87.65218,488644.58850841556,3493.0,727135.3193835611,1826.1666666666667
256.0,265.0,265.0,41.89629,-87.67154000000002,558143.5544554455,392.0,642716.7425178615,1829.6666666666667
256.0,265.0,265.0,41.82747,-87.66752,248458.26125,885.0,240428.53003751524,2866.2
512.0,531.0,531.0,41.85154,-87.63226999999998,340545.66071428574,425.0,419959.71640089375,1987.4
2045.0,2124.0,2124.0,41.88736,-87.68205,345766.0279329609,2089.0,456699.3476194784,4845.75
767.0,796.0,796.0,41.9292,-87.80608000000002,263590.60898876406,587.0,265678.5499202608,2045.6666666666667
256.0,265.0,265.0,41.99057,-87.69351999999998,343996.8509576694,3328.0,446434.4284936709,2195.25
512.0,531.0,531.0,41.91043,-87.70745,255649.45671641792,9022.0,411416.4491430084,4833.0
1534.0,1593.0,1327.0,41.87746,-87.6972,194151.69814366425,10237.0,346094.5277481123,6511.166666666667
256.0,265.0,265.0,41.89388,-87.74611999999998,176850.4503600823,13902.0,236002.91172431945,5695.166666666667
256.0,265.0,265.0,41.82429000000001,-87.70413,196361.78038815118,2217.0,202501.09040272055,2175.714285714286
531.0,809.0,809.0,41.88837,-87.63535999999998,604957.6953642385,5595.0,958291.0682707691,3165.375
767.0,531.0,531.0,41.69163,-87.71336,239861.75602667124,496.0,256433.72836594252,1435.5
767.0,796.0,796.0,41.77739,-87.6152,160850.25199362042,3417.0,255434.07113188843,3820.8
512.0,531.0,531.0,41.80659,-87.67186,147270.02348993288,3986.0,190896.82900681198,3376.1666666666665
256.0,265.0,265.0,41.92142,-87.68719,836238.3855898654,1088.0,727806.1878101113,2546.0
512.0,531.0,531.0,41.91519,-87.72685,268652.4436781609,1172.0,327755.36401724356,5547.142857142857
767.0,796.0,796.0,41.90811,-87.66796,770058.1383763838,2340.0,546237.0593831207,2876.8333333333335
767.0,796.0,796.0,41.84976,-87.70971,161538.79056709714,4524.0,228346.3992391644,2853.6666666666665
512.0,531.0,531.0,41.90248,-87.75846999999997,176850.4503600823,13902.0,236002.91172431945,5695.166666666667
1023.0,1062.0,1062.0,41.80097,-87.67399,147270.02348993288,3986.0,190896.82900681198,3376.1666666666665
1023.0,1062.0,1062.0,41.98545,-87.6632,474507.2143826323,2293.0,515891.8263594058,2549.4
767.0,796.0,796.0,41.89836,-87.75061,176850.4503600823,13902.0,236002.91172431945,5695.166666666667
767.0,796.0,796.0,41.80922,-87.61289000000002,308244.1517094017,3061.0,369207.20566497307,1490.2857142857142
1278.0,1327.0,1327.0,41.81537,-87.68934,196361.78038815118,2217.0,202501.09040272055,2175.714285714286
767.0,796.0,796.0,41.75101,-87.63467,94804.87866772403,6091.0,120121.9931602209,5965.428571428572
767.0,796.0,796.0,41.92438,-87.75816,254227.90304878048,4254.0,258602.64636018002,4238.142857142857
22087.0,41905.0,41905.0,41.95219,-87.69343,846027.8678540649,1277.0,647857.492969017,2712.25
767.0,796.0,796.0,41.85913,-87.72471,174195.31474103587,9029.0,264464.3232107371,6675.2
6389.0,6638.0,6638.0,41.84588,-87.75701,174195.31474103587,9029.0,264464.3232107371,6675.2
767.0,796.0,796.0,42.02017,-87.67342,310540.02964118565,3654.0,409252.03267015086,2810.5
3578.0,3717.0,3717.0,41.92443,-87.7039,469298.8703597944,3610.0,511525.4156738535,3167.8
2556.0,2655.0,2655.0,41.88414,-87.64113,508539.77559607296,4121.0,495191.6504191511,2947.4444444444443
767.0,796.0,796.0,41.85185,-87.70614,161538.79056709714,4524.0,228346.3992391644,2853.6666666666665
767.0,796.0,796.0,41.93214,-87.7198,427028.6540084388,2217.0,565756.3926086486,1974.2
1534.0,1593.0,1062.0,41.91012,-87.73201999999998,255649.45671641792,9022.0,411416.4491430084,4833.0
767.0,796.0,796.0,41.80835,-87.66396,147270.02348993288,3986.0,190896.82900681198,3376.1666666666665
767.0,796.0,796.0,41.79551,-87.75896999999998,229517.3698296837,1992.0,192372.82010140995,1733.6
767.0,796.0,796.0,41.78663,-87.69261,150317.5129434324,1964.0,155907.55291200802,4512.666666666667
1534.0,1593.0,3982.0,41.81232,-87.65048,147270.02348993288,3986.0,190896.82900681198,3376.1666666666665
512.0,531.0,531.0,41.88041,-87.76017,176850.4503600823,13902.0,236002.91172431945,5695.166666666667
767.0,796.0,796.0,41.99783,-87.69891,343996.8509576694,3328.0,446434.4284936709,2195.25
6311.0,11972.0,8979.0,41.88475,-87.64458,508539.77559607296,4121.0,495191.6504191511,2947.4444444444443
256.0,265.0,265.0,41.9499,-87.74684,302667.8180658331,3101.0,334010.30299038783,1915.857142857143
1534.0,1593.0,1062.0,41.68502,-87.6152,82995.82049180327,3910.0,126868.1402356124,3361.3333333333335
5485.0,7649.0,2328.0,41.77281,-87.56786,144173.1340388007,8323.0,121089.08159909117,2995.8
767.0,531.0,531.0,41.93107,-87.80118,263590.60898876406,587.0,265678.5499202608,2045.6666666666667
767.0,796.0,796.0,41.75807,-87.62055,94804.87866772403,6091.0,120121.9931602209,5965.428571428572
767.0,796.0,796.0,41.89938,-87.69960999999998,255649.45671641792,9022.0,411416.4491430084,4833.0
767.0,796.0,796.0,41.76887,-87.65872,58636.80568720379,13037.0,128917.97160025159,3999.1428571428573
767.0,796.0,796.0,41.89467,-87.74772,176850.4503600823,13902.0,236002.91172431945,5695.166666666667
767.0,796.0,796.0,41.79238,-87.64474,58636.80568720379,13037.0,128917.97160025159,3999.1428571428573
767.0,796.0,796.0,41.96472,-87.65034,488644.58850841556,3493.0,727135.3193835611,1826.1666666666667
767.0,796.0,796.0,41.71758,-87.53683000000002,202384.0,1062.0,90438.2966522742,2185.0
767.0,796.0,796.0,41.82032,-87.69346999999998,196361.78038815118,2217.0,202501.09040272055,2175.714285714286
767.0,796.0,796.0,41.80832,-87.66759,147270.02348993288,3986.0,190896.82900681198,3376.1666666666665
767.0,796.0,796.0,41.91779,-87.69221,469298.8703597944,3610.0,511525.4156738535,3167.8
767.0,796.0,796.0,41.88067,-87.7222,194151.69814366425,10237.0,346094.5277481123,6511.166666666667
256.0,265.0,265.0,41.88004,-87.73558,194151.69814366425,10237.0,346094.5277481123,6511.166666666667
512.0,531.0,531.0,41.88944,-87.75504000000002,176850.4503600823,13902.0,236002.91172431945,5695.166666666667
26578.0,27614.0,27614.0,41.89878,-87.62786,830380.8548387097,1286.0,1068800.999388751,2598.75
767.0,796.0,796.0,41.96173,-87.67558000000002,639062.7041644132,1892.0,545249.6846952764,2373.4444444444443
3834.0,3982.0,3982.0,41.93179,-87.73877,268652.4436781609,1172.0,327755.36401724356,5547.142857142857
1023.0,1062.0,1062.0,41.7713,-87.58641,144173.1340388007,8323.0,121089.08159909117,2995.8
512.0,531.0,531.0,41.85261,-87.63246,340545.66071428574,425.0,419959.71640089375,1987.4
767.0,796.0,796.0,41.97813,-87.84633000000002,261553.3252895753,1387.0,300810.3922762759,1282.0
1023.0,1062.0,1062.0,41.93183,-87.70781,469298.8703597944,3610.0,511525.4156738535,3167.8
1023.0,1062.0,1062.0,41.9156,-87.70503000000002,469298.8703597944,3610.0,511525.4156738535,3167.8
512.0,531.0,531.0,41.76862,-87.68248,147830.85739750444,5481.0,138275.90027954598,5183.2
256.0,265.0,265.0,41.85046,-87.63221999999998,340545.66071428574,425.0,419959.71640089375,1987.4
256.0,265.0,265.0,41.96013,-87.64769,488644.58850841556,3493.0,727135.3193835611,1826.1666666666667
1072.0,1511.0,1511.0,41.88653,-87.67538,345766.0279329609,2089.0,456699.3476194784,4845.75
767.0,796.0,796.0,41.74128,-87.65252,105200.6774049217,7153.0,137678.8604796477,5471.375
512.0,531.0,531.0,41.70258,-87.55996,70045.93081761006,1718.0,113078.94570377811,1448.7142857142858
512.0,531.0,531.0,41.91736,-87.73165,268652.4436781609,1172.0,327755.36401724356,5547.142857142857
767.0,796.0,796.0,41.77895,-87.68524000000002,147830.85739750444,5481.0,138275.90027954598,5183.2
767.0,796.0,796.0,41.79933,-87.60119,643831.639821029,1863.0,301787.799401946,2149.6
1534.0,1593.0,3982.0,41.85739,-87.6769,323440.661268556,2160.0,332105.5853244769,2985.222222222222
1534.0,1593.0,1062.0,41.87497000000001,-87.7356,194151.69814366425,10237.0,346094.5277481123,6511.166666666667
767.0,796.0,796.0,41.96957,-87.70815,369466.92852741835,2309.0,501768.96697892627,1732.8333333333333
19167.0,19914.0,19914.0,41.76142,-87.74280999999998,196968.47516679022,1483.0,185528.9328636008,2256.3333333333335
767.0,796.0,796.0,41.73726,-87.57715,117870.53324808185,1021.0,115409.18993312436,4449.833333333333
1534.0,1593.0,1593.0,41.83069,-87.67201999999997,248458.26125,885.0,240428.53003751524,2866.2
767.0,796.0,796.0,41.87547,-87.75525,176850.4503600823,13902.0,236002.91172431945,5695.166666666667
767.0,796.0,796.0,41.91697,-87.75452,254227.90304878048,4254.0,258602.64636018002,4238.142857142857
767.0,796.0,796.0,41.95467,-87.79227,273667.0926941447,1426.0,270509.91384823824,2332.25
767.0,796.0,796.0,41.89827,-87.76099,176850.4503600823,13902.0,236002.91172431945,5695.166666666667
1023.0,1062.0,1062.0,41.85426,-87.69516,161538.79056709714,4524.0,228346.3992391644,2853.6666666666665
767.0,796.0,796.0,41.80381,-87.66445999999998,147270.02348993288,3986.0,190896.82900681198,3376.1666666666665
767.0,796.0,796.0,41.97631,-87.66875999999998,797214.9585253457,380.0,534071.5023518204,2559.3333333333335
256.0,265.0,265.0,41.82289,-87.70405,196361.78038815118,2217.0,202501.09040272055,2175.714285714286
767.0,796.0,1327.0,41.8017,-87.64572,147270.02348993288,3986.0,190896.82900681198,3376.1666666666665
1387.0,2192.0,1948.0,41.9257,-87.67158,1196657.6952380952,3360.0,980144.7036494268,2320.125
2556.0,2655.0,2655.0,41.8767,-87.6537,508539.77559607296,4121.0,495191.6504191511,2947.4444444444443
2812.0,2920.0,2920.0,41.9722,-87.69641999999997,639062.7041644132,1892.0,545249.6846952764,2373.4444444444443
1278.0,1327.0,1327.0,41.84512,-87.68989,161538.79056709714,4524.0,228346.3992391644,2853.6666666666665
3067.0,3186.0,3186.0,41.96134,-87.64931999999997,488644.58850841556,3493.0,727135.3193835611,1826.1666666666667
767.0,796.0,796.0,41.89908,-87.73982,255649.45671641792,9022.0,411416.4491430084,4833.0
767.0,796.0,796.0,41.84879,-87.68516,323440.661268556,2160.0,332105.5853244769,2985.222222222222
767.0,796.0,796.0,41.72979,-87.55037,110830.66248693835,4232.0,132266.96834611098,2712.8
767.0,796.0,1327.0,41.87355,-87.70088,194151.69814366425,10237.0,346094.5277481123,6511.166666666667
767.0,796.0,796.0,41.77883,-87.73113000000002,196968.47516679022,1483.0,185528.9328636008,2256.3333333333335
767.0,796.0,796.0,41.84239,-87.71504,161538.79056709714,4524.0,228346.3992391644,2853.6666666666665
767.0,796.0,796.0,41.77952,-87.6847,147830.85739750444,5481.0,138275.90027954598,5183.2
767.0,796.0,796.0,41.94517000000001,-87.79821,273667.0926941447,1426.0,270509.91384823824,2332.25
767.0,796.0,796.0,41.95279,-87.773,302667.8180658331,3101.0,334010.30299038783,1915.857142857143
767.0,796.0,796.0,41.80992,-87.69705,196361.78038815118,2217.0,202501.09040272055,2175.714285714286
767.0,796.0,796.0,41.9732,-87.66025,488644.58850841556,3493.0,727135.3193835611,1826.1666666666667
1023.0,1062.0,1062.0,41.75877,-87.56296999999998,144173.1340388007,8323.0,121089.08159909117,2995.8
1534.0,1593.0,1593.0,41.799,-87.69429000000002,150317.5129434324,1964.0,155907.55291200802,4512.666666666667
5111.0,5310.0,5310.0,41.84152,-87.63205,374847.4761904762,543.0,335486.45409912354,1656.1666666666667
512.0,531.0,531.0,41.91067,-87.74606,176850.4503600823,13902.0,236002.91172431945,5695.166666666667
512.0,531.0,531.0,41.84625,-87.72251,161538.79056709714,4524.0,228346.3992391644,2853.6666666666665
1534.0,1593.0,1062.0,41.8782,-87.65309,508539.77559607296,4121.0,495191.6504191511,2947.4444444444443
767.0,796.0,1327.0,41.87772,-87.64704,395731.6,280.0,487439.89565517934,3337.0
1789.0,1858.0,1858.0,41.97667,-87.66877,797214.9585253457,380.0,534071.5023518204,2559.3333333333335
767.0,796.0,796.0,41.8767,-87.63421,802738.0172786177,9284.0,529645.3188537043,1800.6666666666667
767.0,796.0,796.0,41.84653,-87.70421999999998,161538.79056709714,4524.0,228346.3992391644,2853.6666666666665
767.0,796.0,796.0,41.90244000000001,-87.66785,558143.5544554455,392.0,642716.7425178615,1829.6666666666667
512.0,531.0,531.0,41.88062,-87.72604,194151.69814366425,10237.0,346094.5277481123,6511.166666666667
767.0,796.0,796.0,41.88021,-87.76214,176850.4503600823,13902.0,236002.91172431945,5695.166666666667
767.0,796.0,1327.0,41.80879,-87.67126,147270.02348993288,3986.0,190896.82900681198,3376.1666666666665
767.0,796.0,796.0,41.75401,-87.65348,105200.6774049217,7153.0,137678.8604796477,5471.375
767.0,796.0,796.0,42.00734,-87.67402,310540.02964118565,3654.0,409252.03267015086,2810.5
256.0,265.0,265.0,41.97806,-87.65805999999998,474507.2143826323,2293.0,515891.8263594058,2549.4
512.0,531.0,531.0,41.79348,-87.67344,58636.80568720379,13037.0,128917.97160025159,3999.1428571428573
767.0,796.0,796.0,41.77958,-87.66363,58636.80568720379,13037.0,128917.97160025159,3999.1428571428573
767.0,796.0,796.0,41.76474,-87.6287,94804.87866772403,6091.0,120121.9931602209,5965.428571428572
767.0,796.0,796.0,41.96704,-87.70858,369466.92852741835,2309.0,501768.96697892627,1732.8333333333333
5111.0,5310.0,5310.0,41.88298,-87.63566999999998,802738.0172786177,9284.0,529645.3188537043,1800.6666666666667
3067.0,3186.0,3186.0,41.98111,-87.66041,474507.2143826323,2293.0,515891.8263594058,2549.4
1534.0,1593.0,1062.0,41.8919,-87.73431,255649.45671641792,9022.0,411416.4491430084,4833.0
3067.0,3186.0,3186.0,41.85434,-87.63271,340545.66071428574,425.0,419959.71640089375,1987.4
45999.0,1593.0,1327.0,41.90062,-87.62437,309829.25,1625.0,1071483.274668863,3943.0
1789.0,1858.0,1858.0,41.96491,-87.6614,488644.58850841556,3493.0,727135.3193835611,1826.1666666666667
256.0,265.0,265.0,41.97582,-87.67926,639062.7041644132,1892.0,545249.6846952764,2373.4444444444443
10222.0,10620.0,10620.0,41.90984,-87.69489,255649.45671641792,9022.0,411416.4491430084,4833.0
256.0,265.0,265.0,41.93684,-87.6981,427028.6540084388,2217.0,565756.3926086486,1974.2
512.0,531.0,531.0,41.99751,-87.6872,343996.8509576694,3328.0,446434.4284936709,2195.25
512.0,531.0,531.0,41.85046,-87.63162,340545.66071428574,425.0,419959.71640089375,1987.4
1023.0,1062.0,1062.0,41.74039000000001,-87.65709,105200.6774049217,7153.0,137678.8604796477,5471.375
14056.0,14603.0,14603.0,41.87992,-87.76389,176850.4503600823,13902.0,236002.91172431945,5695.166666666667
256.0,265.0,265.0,41.89269,-87.66214000000002,657765.9010238908,2472.0,577048.8615566454,3892.1
512.0,531.0,531.0,41.91537,-87.71148000000002,469298.8703597944,3610.0,511525.4156738535,3167.8
512.0,531.0,531.0,41.88577,-87.70640999999998,194151.69814366425,10237.0,346094.5277481123,6511.166666666667
1023.0,1062.0,1062.0,41.89168,-87.63462,604957.6953642385,5595.0,958291.0682707691,3165.375
767.0,796.0,796.0,41.70264,-87.53469,202384.0,1062.0,90438.2966522742,2185.0
767.0,796.0,1327.0,41.88667,-87.67752,345766.0279329609,2089.0,456699.3476194784,4845.75
593.0,1074.0,1074.0,41.87624,-87.62484,802738.0172786177,9284.0,529645.3188537043,1800.6666666666667
1023.0,1062.0,1062.0,41.71605,-87.53498,202384.0,1062.0,90438.2966522742,2185.0
1023.0,1062.0,1062.0,41.9729,-87.66842,488644.58850841556,3493.0,727135.3193835611,1826.1666666666667
767.0,796.0,796.0,41.77398,-87.68389,147830.85739750444,5481.0,138275.90027954598,5183.2
3834.0,3982.0,3982.0,41.91812,-87.70563,469298.8703597944,3610.0,511525.4156738535,3167.8
3578.0,3717.0,3717.0,41.79646,-87.68451999999998,150317.5129434324,1964.0,155907.55291200802,4512.666666666667
25555.0,26552.0,26552.0,41.78886,-87.70376999999998,150317.5129434324,1964.0,155907.55291200802,4512.666666666667
6389.0,6638.0,6638.0,41.69373,-87.67166999999998,227228.10582010582,1998.0,165512.79413178487,3018.2
23652.0,89503.0,89503.0,41.89696,-87.64517,657765.9010238908,2472.0,577048.8615566454,3892.1
767.0,796.0,796.0,41.99721,-87.70425,343996.8509576694,3328.0,446434.4284936709,2195.25
1534.0,1593.0,1327.0,41.85429,-87.67508000000002,323440.661268556,2160.0,332105.5853244769,2985.222222222222
767.0,796.0,796.0,41.69995,-87.62774,102711.14822006473,6788.0,110671.77307300281,3135.625
1534.0,1593.0,1062.0,41.9732,-87.66025,488644.58850841556,3493.0,727135.3193835611,1826.1666666666667
767.0,796.0,796.0,41.84929,-87.63229,340545.66071428574,425.0,419959.71640089375,1987.4
256.0,265.0,531.0,41.98326,-87.68978,343996.8509576694,3328.0,446434.4284936709,2195.25
767.0,796.0,796.0,41.76941,-87.72214,196968.47516679022,1483.0,185528.9328636008,2256.3333333333335
767.0,796.0,1327.0,41.79804,-87.66431,147270.02348993288,3986.0,190896.82900681198,3376.1666666666665
1534.0,1593.0,796.0,41.94181,-87.71197,427028.6540084388,2217.0,565756.3926086486,1974.2
767.0,796.0,796.0,41.87812,-87.76153000000002,176850.4503600823,13902.0,236002.91172431945,5695.166666666667
767.0,796.0,796.0,41.93798,-87.6809,846027.8678540649,1277.0,647857.492969017,2712.25
512.0,531.0,531.0,41.90936,-87.75876,176850.4503600823,13902.0,236002.91172431945,5695.166666666667
767.0,796.0,796.0,41.7935,-87.6551,58636.80568720379,13037.0,128917.97160025159,3999.1428571428573
512.0,531.0,531.0,42.0092,-87.67387,310540.02964118565,3654.0,409252.03267015086,2810.5
767.0,796.0,1327.0,41.8737,-87.68854,466340.0157142857,2553.0,323637.5129470483,4652.666666666667
1534.0,1593.0,1327.0,41.69967000000001,-87.62773,102711.14822006473,6788.0,110671.77307300281,3135.625
1023.0,1062.0,1062.0,41.90734000000001,-87.62638000000003,1676838.826446281,560.0,822538.8285309215,2684.3333333333335
767.0,796.0,796.0,41.81854000000001,-87.70402,196361.78038815118,2217.0,202501.09040272055,2175.714285714286
1534.0,1593.0,1062.0,41.92239,-87.73195,268652.4436781609,1172.0,327755.36401724356,5547.142857142857
767.0,796.0,796.0,41.84988,-87.70064,161538.79056709714,4524.0,228346.3992391644,2853.6666666666665
767.0,796.0,796.0,41.74697000000001,-87.60386,115195.91774891775,6198.0,108006.29736619293,3818.0
767.0,796.0,796.0,41.9696,-87.70837,369466.92852741835,2309.0,501768.96697892627,1732.8333333333333
767.0,796.0,796.0,41.88,-87.75735999999998,176850.4503600823,13902.0,236002.91172431945,5695.166666666667
512.0,531.0,531.0,41.81206,-87.67026,147270.02348993288,3986.0,190896.82900681198,3376.1666666666665
767.0,796.0,796.0,41.90528,-87.70948,255649.45671641792,9022.0,411416.4491430084,4833.0
767.0,796.0,796.0,41.88837,-87.63535999999998,604957.6953642385,5595.0,958291.0682707691,3165.375
767.0,796.0,796.0,41.88469,-87.63735,802738.0172786177,9284.0,529645.3188537043,1800.6666666666667
767.0,796.0,796.0,41.82751,-87.64976,373531.3944738389,1444.0,258772.8837019161,1451.5
767.0,796.0,796.0,41.7442,-87.56836,110830.66248693835,4232.0,132266.96834611098,2712.8
767.0,796.0,796.0,41.85864,-87.62443,519439.2744755245,1669.0,441538.2737604452,2218.8888888888887
767.0,796.0,796.0,41.87251,-87.63095,802738.0172786177,9284.0,529645.3188537043,1800.6666666666667
767.0,796.0,796.0,41.69221,-87.70049,239861.75602667124,496.0,256433.72836594252,1435.5
767.0,796.0,796.0,41.96373,-87.67359,488644.58850841556,3493.0,727135.3193835611,1826.1666666666667
5485.0,7649.0,2328.0,41.88148,-87.64034000000002,508539.77559607296,4121.0,495191.6504191511,2947.4444444444443
6311.0,11972.0,8979.0,41.94,-87.6526,817196.5921541319,4615.0,807652.5920309358,1677.142857142857
1534.0,1593.0,1062.0,41.96832,-87.6917,639062.7041644132,1892.0,545249.6846952764,2373.4444444444443
767.0,796.0,796.0,41.79014,-87.67453,58636.80568720379,13037.0,128917.97160025159,3999.1428571428573
767.0,796.0,796.0,41.89494000000001,-87.76566,176850.4503600823,13902.0,236002.91172431945,5695.166666666667
256.0,265.0,265.0,41.90955,-87.77606,269140.65401785716,457.0,231556.32079920894,6247.666666666667
767.0,796.0,796.0,41.82842,-87.69449,196361.78038815118,2217.0,202501.09040272055,2175.714285714286
767.0,796.0,796.0,41.86588,-87.72496,174195.31474103587,9029.0,264464.3232107371,6675.2
512.0,531.0,531.0,41.74754,-87.58626,117870.53324808185,1021.0,115409.18993312436,4449.833333333333
3578.0,3717.0,796.0,41.88044,-87.63206,802738.0172786177,9284.0,529645.3188537043,1800.6666666666667
767.0,796.0,796.0,42.00891,-87.66634,310540.02964118565,3654.0,409252.03267015086,2810.5
9967.0,10355.0,10355.0,41.91709,-87.70756,469298.8703597944,3610.0,511525.4156738535,3167.8
1534.0,1593.0,1327.0,41.84882,-87.73198000000002,174195.31474103587,9029.0,264464.3232107371,6675.2
767.0,796.0,796.0,41.86555,-87.62564,519439.2744755245,1669.0,441538.2737604452,2218.8888888888887
1534.0,1593.0,3982.0,41.81239,-87.66906,147270.02348993288,3986.0,190896.82900681198,3376.1666666666665
767.0,796.0,796.0,41.87229,-87.6271,802738.0172786177,9284.0,529645.3188537043,1800.6666666666667
767.0,796.0,796.0,41.80883,-87.6681,147270.02348993288,3986.0,190896.82900681198,3376.1666666666665
5111.0,5310.0,5310.0,41.94492,-87.64591,550774.8439306358,519.0,817196.5921541319,4615.0
767.0,796.0,796.0,41.77872,-87.70089,147830.85739750444,5481.0,138275.90027954598,5183.2
767.0,796.0,796.0,41.87997,-87.77398000000002,176850.4503600823,13902.0,236002.91172431945,5695.166666666667
767.0,796.0,796.0,41.91694,-87.73535,268652.4436781609,1172.0,327755.36401724356,5547.142857142857
767.0,796.0,796.0,41.8208,-87.6145,308244.1517094017,3061.0,369207.20566497307,1490.2857142857142
512.0,531.0,531.0,41.95181,-87.80735,273667.0926941447,1426.0,270509.91384823824,2332.25
767.0,796.0,796.0,41.77986,-87.65469,58636.80568720379,13037.0,128917.97160025159,3999.1428571428573
512.0,531.0,531.0,41.76431,-87.6244,94804.87866772403,6091.0,120121.9931602209,5965.428571428572
767.0,796.0,796.0,41.81203,-87.69466,196361.78038815118,2217.0,202501.09040272055,2175.714285714286
767.0,796.0,796.0,41.73286,-87.60514,115195.91774891775,6198.0,108006.29736619293,3818.0
767.0,796.0,796.0,41.76592,-87.57844,144173.1340388007,8323.0,121089.08159909117,2995.8
767.0,796.0,796.0,41.99778,-87.70149,343996.8509576694,3328.0,446434.4284936709,2195.25
767.0,796.0,796.0,41.87144,-87.70546,194151.69814366425,10237.0,346094.5277481123,6511.166666666667
767.0,796.0,796.0,41.69626,-87.64211999999998,102711.14822006473,6788.0,110671.77307300281,3135.625
767.0,796.0,1327.0,41.8793,-87.68621,345766.0279329609,2089.0,456699.3476194784,4845.75
767.0,796.0,796.0,41.95959000000001,-87.72793,408564.3955613577,2724.0,472224.2381056808,1775.5714285714287
767.0,796.0,796.0,41.92389,-87.79629,263590.60898876406,587.0,265678.5499202608,2045.6666666666667
767.0,796.0,796.0,41.76956,-87.64465,58636.80568720379,13037.0,128917.97160025159,3999.1428571428573
767.0,796.0,1327.0,41.75776,-87.75468000000002,196968.47516679022,1483.0,185528.9328636008,2256.3333333333335
767.0,796.0,796.0,41.94591,-87.75653,302667.8180658331,3101.0,334010.30299038783,1915.857142857143
767.0,796.0,796.0,41.76592,-87.57844,144173.1340388007,8323.0,121089.08159909117,2995.8
512.0,531.0,531.0,41.88109,-87.68476,345766.0279329609,2089.0,456699.3476194784,4845.75
767.0,796.0,796.0,41.89218,-87.62857,604957.6953642385,5595.0,958291.0682707691,3165.375
1278.0,1327.0,1327.0,41.77872,-87.72685,196968.47516679022,1483.0,185528.9328636008,2256.3333333333335
767.0,796.0,796.0,42.00255,-87.67966,343996.8509576694,3328.0,446434.4284936709,2195.25
767.0,796.0,796.0,41.88077,-87.72335,194151.69814366425,10237.0,346094.5277481123,6511.166666666667
767.0,796.0,796.0,41.89461,-87.7618,176850.4503600823,13902.0,236002.91172431945,5695.166666666667
767.0,796.0,796.0,41.91667,-87.72667,268652.4436781609,1172.0,327755.36401724356,5547.142857142857
767.0,796.0,796.0,41.96827,-87.7088,369466.92852741835,2309.0,501768.96697892627,1732.8333333333333
767.0,796.0,796.0,41.88,-87.77306999999998,176850.4503600823,13902.0,236002.91172431945,5695.166666666667
512.0,531.0,531.0,41.8519,-87.67674,323440.661268556,2160.0,332105.5853244769,2985.222222222222
512.0,531.0,531.0,41.73011,-87.66248,116355.89500860585,3024.0,180194.82058921788,4203.0
512.0,531.0,531.0,41.85155,-87.71499,161538.79056709714,4524.0,228346.3992391644,2853.6666666666665
512.0,531.0,531.0,41.84243,-87.73266,161538.79056709714,4524.0,228346.3992391644,2853.6666666666665
3578.0,3717.0,3717.0,42.01201,-87.67409,310540.02964118565,3654.0,409252.03267015086,2810.5
512.0,531.0,531.0,41.77877,-87.69742,147830.85739750444,5481.0,138275.90027954598,5183.2
512.0,531.0,531.0,41.76851,-87.68845999999998,147830.85739750444,5481.0,138275.90027954598,5183.2
512.0,531.0,531.0,41.81827,-87.69681,196361.78038815118,2217.0,202501.09040272055,2175.714285714286
5930.0,10740.0,10740.0,41.7151,-87.5593,70045.93081761006,1718.0,113078.94570377811,1448.7142857142858
512.0,531.0,531.0,41.91579,-87.69745,469298.8703597944,3610.0,511525.4156738535,3167.8
596.0,944.0,944.0,41.80161,-87.58527,643831.639821029,1863.0,301787.799401946,2149.6
256.0,265.0,265.0,41.97595,-87.67766999999998,639062.7041644132,1892.0,545249.6846952764,2373.4444444444443
767.0,796.0,796.0,41.88499,-87.71341,194151.69814366425,10237.0,346094.5277481123,6511.166666666667
1023.0,1062.0,1062.0,41.80099000000001,-87.58171,643831.639821029,1863.0,301787.799401946,2149.6
1278.0,1327.0,1327.0,41.87605,-87.74549,176850.4503600823,13902.0,236002.91172431945,5695.166666666667
2787.0,3929.0,3929.0,41.91141,-87.66399,657765.9010238908,2472.0,577048.8615566454,3892.1
4993.0,6335.0,16000.0,41.95551,-87.69373,846027.8678540649,1277.0,647857.492969017,2712.25
767.0,796.0,796.0,41.83506,-87.65629,373531.3944738389,1444.0,258772.8837019161,1451.5
512.0,531.0,531.0,41.77894000000001,-87.71124,147830.85739750444,5481.0,138275.90027954598,5183.2
12778.0,13276.0,13276.0,41.7779,-87.78309,216874.45147313693,950.0,204954.40677964655,1449.0
256.0,265.0,265.0,41.76474,-87.65717,58636.80568720379,13037.0,128917.97160025159,3999.1428571428573
1789.0,1858.0,1858.0,41.75122,-87.60117,115195.91774891775,6198.0,108006.29736619293,3818.0
1278.0,1327.0,1327.0,42.00879000000001,-87.67423000000002,310540.02964118565,3654.0,409252.03267015086,2810.5
1789.0,1858.0,1858.0,41.81676,-87.61653000000003,308244.1517094017,3061.0,369207.20566497307,1490.2857142857142
256.0,265.0,265.0,41.94904,-87.64428000000002,817196.5921541319,4615.0,807652.5920309358,1677.142857142857
1390.0,2204.0,2204.0,41.84165,-87.62484,353083.02392344497,2628.0,389771.79722306406,1200.2
512.0,531.0,531.0,41.93584,-87.70718000000002,427028.6540084388,2217.0,565756.3926086486,1974.2
15333.0,15931.0,15931.0,41.82032,-87.69346999999998,196361.78038815118,2217.0,202501.09040272055,2175.714285714286
10888.0,15357.0,16104.0,41.75686,-87.77965999999998,216874.45147313693,950.0,204954.40677964655,1449.0
767.0,796.0,796.0,41.9731,-87.65671999999998,488644.58850841556,3493.0,727135.3193835611,1826.1666666666667
767.0,796.0,796.0,41.97273,-87.65956,488644.58850841556,3493.0,727135.3193835611,1826.1666666666667
512.0,531.0,531.0,41.91509,-87.68961999999998,469298.8703597944,3610.0,511525.4156738535,3167.8
767.0,796.0,796.0,41.90249,-87.72664,255649.45671641792,9022.0,411416.4491430084,4833.0
256.0,265.0,265.0,41.74114,-87.71379,180256.03019538187,2279.0,183909.8402202489,3747.5
256.0,265.0,265.0,41.99715,-87.72792,452663.25044143613,461.0,346851.7844634808,1879.8333333333333
512.0,531.0,531.0,41.89834000000001,-87.76983,176850.4503600823,13902.0,236002.91172431945,5695.166666666667
1023.0,1062.0,1062.0,41.85362,-87.63412,340545.66071428574,425.0,419959.71640089375,1987.4
256.0,265.0,265.0,41.84938,-87.63458,340545.66071428574,425.0,419959.71640089375,1987.4
1534.0,1593.0,1593.0,41.73468,-87.55373,110830.66248693835,4232.0,132266.96834611098,2712.8
5367.0,5575.0,5575.0,41.69968,-87.53565,202384.0,1062.0,90438.2966522742,2185.0
512.0,531.0,531.0,41.91684,-87.73095,268652.4436781609,1172.0,327755.36401724356,5547.142857142857
1023.0,1062.0,1062.0,41.88691,-87.75551999999998,176850.4503600823,13902.0,236002.91172431945,5695.166666666667
1023.0,1062.0,1062.0,41.91699000000001,-87.71819,469298.8703597944,3610.0,511525.4156738535,3167.8
767.0,796.0,796.0,41.76604,-87.56933000000002,144173.1340388007,8323.0,121089.08159909117,2995.8
1023.0,1062.0,1062.0,41.91704,-87.75599,254227.90304878048,4254.0,258602.64636018002,4238.142857142857
512.0,531.0,531.0,41.95415,-87.71319,408564.3955613577,2724.0,472224.2381056808,1775.5714285714287
767.0,796.0,796.0,41.90381,-87.63167,604957.6953642385,5595.0,958291.0682707691,3165.375
2385.0,3325.0,3325.0,41.88651,-87.62749000000002,802738.0172786177,9284.0,529645.3188537043,1800.6666666666667
1592.0,2429.0,2429.0,41.8596,-87.68760999999998,466340.0157142857,2553.0,323637.5129470483,4652.666666666667
2653.0,4049.0,4049.0,41.94056,-87.74008,408564.3955613577,2724.0,472224.2381056808,1775.5714285714287
20444.0,21241.0,21241.0,41.9523,-87.79166,273667.0926941447,1426.0,270509.91384823824,2332.25
228.0,300.0,300.0,41.82327,-87.68911999999997,196361.78038815118,2217.0,202501.09040272055,2175.714285714286
199.0,314.0,314.0,41.9281,-87.64211999999998,1196657.6952380952,3360.0,980144.7036494268,2320.125
512.0,531.0,531.0,41.68876,-87.62814,102711.14822006473,6788.0,110671.77307300281,3135.625
767.0,796.0,796.0,42.00866,-87.67291,310540.02964118565,3654.0,409252.03267015086,2810.5
1023.0,1062.0,1062.0,41.7784,-87.72139,196968.47516679022,1483.0,185528.9328636008,2256.3333333333335
256.0,265.0,265.0,41.83144,-87.6757,248458.26125,885.0,240428.53003751524,2866.2
1023.0,1062.0,1062.0,41.78664000000001,-87.69459,150317.5129434324,1964.0,155907.55291200802,4512.666666666667
7667.0,7965.0,7965.0,41.85639000000001,-87.63845,323440.661268556,2160.0,332105.5853244769,2985.222222222222
1534.0,1593.0,1593.0,41.89967,-87.61962,734872.9802816901,1985.0,844948.9287855693,3670.0
767.0,796.0,796.0,41.90972,-87.71455,255649.45671641792,9022.0,411416.4491430084,4833.0
1023.0,1062.0,1062.0,41.79752,-87.66989000000002,147270.02348993288,3986.0,190896.82900681198,3376.1666666666665
1278.0,1327.0,1327.0,41.70333,-87.62099,102711.14822006473,6788.0,110671.77307300281,3135.625
14056.0,14603.0,14603.0,41.77883,-87.7058,147830.85739750444,5481.0,138275.90027954598,5183.2
3578.0,4988.0,4988.0,41.89027,-87.63013000000002,604957.6953642385,5595.0,958291.0682707691,3165.375
3834.0,3982.0,3982.0,41.9102,-87.72328,255649.45671641792,9022.0,411416.4491430084,4833.0
767.0,796.0,796.0,41.92429,-87.71664,469298.8703597944,3610.0,511525.4156738535,3167.8
1023.0,1062.0,1062.0,41.87319,-87.75759000000002,176850.4503600823,13902.0,236002.91172431945,5695.166666666667
2045.0,2124.0,2124.0,41.9803,-87.65445,474507.2143826323,2293.0,515891.8263594058,2549.4
256.0,265.0,265.0,41.96243,-87.65460999999998,488644.58850841556,3493.0,727135.3193835611,1826.1666666666667
512.0,531.0,531.0,41.91258,-87.67246,770058.1383763838,2340.0,546237.0593831207,2876.8333333333335
1278.0,1327.0,1327.0,41.77873,-87.66461,58636.80568720379,13037.0,128917.97160025159,3999.1428571428573
512.0,531.0,531.0,41.77941,-87.65001,58636.80568720379,13037.0,128917.97160025159,3999.1428571428573
512.0,531.0,531.0,41.83896,-87.71743000000002,161538.79056709714,4524.0,228346.3992391644,2853.6666666666665
767.0,796.0,796.0,41.95365,-87.69994,408564.3955613577,2724.0,472224.2381056808,1775.5714285714287
767.0,796.0,1327.0,41.87417,-87.63288,802738.0172786177,9284.0,529645.3188537043,1800.6666666666667
256.0,265.0,265.0,41.88945,-87.62647,604957.6953642385,5595.0,958291.0682707691,3165.375
767.0,796.0,796.0,41.852,-87.6668,323440.661268556,2160.0,332105.5853244769,2985.222222222222
767.0,796.0,796.0,41.95593,-87.72189,408564.3955613577,2724.0,472224.2381056808,1775.5714285714287
21722.0,22569.0,22569.0,41.79743,-87.71410999999998,188377.37534246576,872.0,198024.09962645904,1574.1666666666667
1023.0,1062.0,1062.0,41.90224,-87.76606,176850.4503600823,13902.0,236002.91172431945,5695.166666666667
767.0,796.0,796.0,41.70809000000001,-87.53565,202384.0,1062.0,90438.2966522742,2185.0
1534.0,1593.0,1327.0,41.89027,-87.68863,657765.9010238908,2472.0,577048.8615566454,3892.1
596.0,944.0,944.0,41.85235,-87.63336,340545.66071428574,425.0,419959.71640089375,1987.4
512.0,531.0,531.0,41.76876,-87.64313,58636.80568720379,13037.0,128917.97160025159,3999.1428571428573
512.0,531.0,531.0,41.85367,-87.72516,174195.31474103587,9029.0,264464.3232107371,6675.2
767.0,796.0,796.0,41.70444000000001,-87.53804000000002,202384.0,1062.0,90438.2966522742,2185.0
25811.0,26817.0,26817.0,41.85331,-87.68948,161538.79056709714,4524.0,228346.3992391644,2853.6666666666665
7667.0,7965.0,7965.0,41.88636,-87.64384,508539.77559607296,4121.0,495191.6504191511,2947.4444444444443
512.0,531.0,531.0,41.92397,-87.77360999999998,254227.90304878048,4254.0,258602.64636018002,4238.142857142857
767.0,796.0,796.0,41.96675,-87.65815,488644.58850841556,3493.0,727135.3193835611,1826.1666666666667
767.0,796.0,796.0,41.86079,-87.70574,174195.31474103587,9029.0,264464.3232107371,6675.2
767.0,796.0,796.0,41.81574000000001,-87.68918000000002,196361.78038815118,2217.0,202501.09040272055,2175.714285714286
767.0,796.0,796.0,41.88233,-87.75777,176850.4503600823,13902.0,236002.91172431945,5695.166666666667
767.0,796.0,796.0,41.8788,-87.72544,194151.69814366425,10237.0,346094.5277481123,6511.166666666667
398.0,629.0,629.0,41.87259,-87.67115,466340.0157142857,2553.0,323637.5129470483,4652.666666666667
512.0,531.0,531.0,41.77263,-87.69309,147830.85739750444,5481.0,138275.90027954598,5183.2
1135.0,1593.0,1062.0,41.77071,-87.69195,147830.85739750444,5481.0,138275.90027954598,5183.2
455.0,600.0,600.0,41.97014,-87.72822,369466.92852741835,2309.0,501768.96697892627,1732.8333333333333
1534.0,1593.0,1327.0,41.6943,-87.6795,227228.10582010582,1998.0,165512.79413178487,3018.2
767.0,796.0,796.0,41.97483,-87.66019,488644.58850841556,3493.0,727135.3193835611,1826.1666666666667
5111.0,3982.0,3982.0,41.76764,-87.62449000000002,94804.87866772403,6091.0,120121.9931602209,5965.428571428572
256.0,265.0,265.0,41.99774,-87.69601999999998,343996.8509576694,3328.0,446434.4284936709,2195.25
767.0,796.0,796.0,41.83908,-87.71061999999998,161538.79056709714,4524.0,228346.3992391644,2853.6666666666665
767.0,796.0,796.0,41.82062,-87.69931,196361.78038815118,2217.0,202501.09040272055,2175.714285714286
512.0,531.0,531.0,41.75134,-87.60655,94804.87866772403,6091.0,120121.9931602209,5965.428571428572
512.0,531.0,531.0,41.85378,-87.6736,323440.661268556,2160.0,332105.5853244769,2985.222222222222
512.0,1062.0,1062.0,41.78351,-87.65443,58636.80568720379,13037.0,128917.97160025159,3999.1428571428573
2556.0,6638.0,6638.0,41.89904,-87.62356,734872.9802816901,1985.0,844948.9287855693,3670.0
767.0,796.0,796.0,41.73768,-87.55004,110830.66248693835,4232.0,132266.96834611098,2712.8
767.0,796.0,796.0,41.91978,-87.75565999999998,254227.90304878048,4254.0,258602.64636018002,4238.142857142857
767.0,796.0,796.0,41.76517,-87.66478000000002,58636.80568720379,13037.0,128917.97160025159,3999.1428571428573
767.0,796.0,796.0,41.90809,-87.62639,1676838.826446281,560.0,822538.8285309215,2684.3333333333335
767.0,796.0,796.0,41.92362,-87.77055,254227.90304878048,4254.0,258602.64636018002,4238.142857142857
767.0,796.0,796.0,41.90939,-87.77111,176850.4503600823,13902.0,236002.91172431945,5695.166666666667
1023.0,1062.0,1062.0,41.77952,-87.68505,147830.85739750444,5481.0,138275.90027954598,5183.2
1023.0,1062.0,1062.0,42.01424,-87.66373,310540.02964118565,3654.0,409252.03267015086,2810.5
512.0,531.0,531.0,41.76538,-87.62035,94804.87866772403,6091.0,120121.9931602209,5965.428571428572
512.0,531.0,531.0,41.99781,-87.70008,343996.8509576694,3328.0,446434.4284936709,2195.25
199.0,314.0,314.0,41.91401,-87.6485,1196657.6952380952,3360.0,980144.7036494268,2320.125
1534.0,1593.0,3982.0,41.92655,-87.67706,836238.3855898654,1088.0,727806.1878101113,2546.0
767.0,796.0,796.0,41.80107,-87.66339,147270.02348993288,3986.0,190896.82900681198,3376.1666666666665
767.0,796.0,796.0,42.00044000000001,-87.70425,343996.8509576694,3328.0,446434.4284936709,2195.25
767.0,796.0,796.0,41.93131,-87.75707,254227.90304878048,4254.0,258602.64636018002,4238.142857142857
512.0,531.0,531.0,41.96223,-87.70863,369466.92852741835,2309.0,501768.96697892627,1732.8333333333333
512.0,531.0,531.0,41.96819,-87.72429,369466.92852741835,2309.0,501768.96697892627,1732.8333333333333
2556.0,2655.0,2655.0,41.79119,-87.59382,643831.639821029,1863.0,301787.799401946,2149.6
512.0,531.0,531.0,41.7938,-87.62231,138926.632,2609.0,283367.58701171237,4231.714285714285
12778.0,13276.0,13276.0,41.86649,-87.70707,174195.31474103587,9029.0,264464.3232107371,6675.2
256.0,265.0,265.0,41.91715,-87.75004,254227.90304878048,4254.0,258602.64636018002,4238.142857142857
767.0,796.0,796.0,41.67951,-87.6202,82995.82049180327,3910.0,126868.1402356124,3361.3333333333335
5111.0,5310.0,5310.0,41.96741,-87.72835,369466.92852741835,2309.0,501768.96697892627,1732.8333333333333
767.0,796.0,796.0,41.93933,-87.72901999999998,408564.3955613577,2724.0,472224.2381056808,1775.5714285714287
3067.0,3186.0,3186.0,41.96697,-87.65522,488644.58850841556,3493.0,727135.3193835611,1826.1666666666667
256.0,265.0,265.0,41.83885,-87.7094,161538.79056709714,4524.0,228346.3992391644,2853.6666666666665
767.0,796.0,796.0,41.83661,-87.72609,161538.79056709714,4524.0,228346.3992391644,2853.6666666666665
767.0,796.0,796.0,42.01418,-87.69063,343996.8509576694,3328.0,446434.4284936709,2195.25
12778.0,13276.0,13276.0,41.83501,-87.68387,248458.26125,885.0,240428.53003751524,2866.2
767.0,796.0,796.0,41.8533,-87.68061,323440.661268556,2160.0,332105.5853244769,2985.222222222222
256.0,265.0,265.0,41.91181,-87.72726,255649.45671641792,9022.0,411416.4491430084,4833.0
767.0,796.0,796.0,41.86592,-87.72188,174195.31474103587,9029.0,264464.3232107371,6675.2
512.0,531.0,531.0,41.95362,-87.70583,408564.3955613577,2724.0,472224.2381056808,1775.5714285714287
767.0,796.0,796.0,41.92414,-87.76214,254227.90304878048,4254.0,258602.64636018002,4238.142857142857
512.0,531.0,531.0,41.9422,-87.72691999999998,427028.6540084388,2217.0,565756.3926086486,1974.2
3834.0,3982.0,7965.0,41.91745,-87.69196,469298.8703597944,3610.0,511525.4156738535,3167.8
767.0,796.0,796.0,41.77722,-87.58669,160850.25199362042,3417.0,255434.07113188843,3820.8
1278.0,1327.0,1327.0,41.83708,-87.72816,161538.79056709714,4524.0,228346.3992391644,2853.6666666666665
767.0,796.0,796.0,41.85691,-87.72525,174195.31474103587,9029.0,264464.3232107371,6675.2
767.0,796.0,796.0,41.76579,-87.61497,94804.87866772403,6091.0,120121.9931602209,5965.428571428572
512.0,531.0,531.0,41.88014,-87.76543000000002,176850.4503600823,13902.0,236002.91172431945,5695.166666666667
767.0,796.0,796.0,41.91053,-87.67918,770058.1383763838,2340.0,546237.0593831207,2876.8333333333335
256.0,265.0,265.0,41.90281,-87.68148000000002,500326.1881533101,677.0,560404.2626430346,3556.5
256.0,265.0,265.0,41.90653,-87.6875,770058.1383763838,2340.0,546237.0593831207,2876.8333333333335
1534.0,1593.0,1327.0,41.8136,-87.6453,147270.02348993288,3986.0,190896.82900681198,3376.1666666666665
1534.0,1593.0,1327.0,41.88265,-87.62496,802738.0172786177,9284.0,529645.3188537043,1800.6666666666667
512.0,531.0,531.0,41.83118,-87.62028000000002,353083.02392344497,2628.0,389771.79722306406,1200.2
767.0,796.0,796.0,41.99525,-87.76762,452663.25044143613,461.0,346851.7844634808,1879.8333333333333
767.0,796.0,796.0,41.75004000000001,-87.6673,105200.6774049217,7153.0,137678.8604796477,5471.375
767.0,796.0,796.0,41.89244,-87.74534,176850.4503600823,13902.0,236002.91172431945,5695.166666666667
1534.0,1593.0,1062.0,41.88707,-87.65901,508539.77559607296,4121.0,495191.6504191511,2947.4444444444443
767.0,796.0,796.0,41.96493,-87.70821,369466.92852741835,2309.0,501768.96697892627,1732.8333333333333
767.0,796.0,796.0,41.8505,-87.68330999999998,323440.661268556,2160.0,332105.5853244769,2985.222222222222
767.0,796.0,796.0,41.99823,-87.68951,343996.8509576694,3328.0,446434.4284936709,2195.25
1534.0,1593.0,3982.0,41.89718,-87.6352,604957.6953642385,5595.0,958291.0682707691,3165.375
512.0,531.0,531.0,41.8663,-87.72288,174195.31474103587,9029.0,264464.3232107371,6675.2
767.0,796.0,796.0,41.8015,-87.72631,198105.0079575597,839.0,193948.82903184945,2401.25
767.0,796.0,796.0,41.75876,-87.60576999999998,94804.87866772403,6091.0,120121.9931602209,5965.428571428572
767.0,796.0,796.0,41.852,-87.6668,323440.661268556,2160.0,332105.5853244769,2985.222222222222
256.0,265.0,531.0,41.67785,-87.62876999999997,82995.82049180327,3910.0,126868.1402356124,3361.3333333333335
767.0,796.0,796.0,41.84216,-87.63212,374847.4761904762,543.0,335486.45409912354,1656.1666666666667
767.0,796.0,796.0,41.82295,-87.64714000000002,147270.02348993288,3986.0,190896.82900681198,3376.1666666666665
767.0,796.0,796.0,41.8076,-87.72618,198105.0079575597,839.0,193948.82903184945,2401.25
512.0,531.0,796.0,41.87744,-87.63556,802738.0172786177,9284.0,529645.3188537043,1800.6666666666667
767.0,796.0,796.0,41.69995,-87.62774,102711.14822006473,6788.0,110671.77307300281,3135.625
1534.0,1593.0,1062.0,41.90266,-87.69173,500326.1881533101,677.0,560404.2626430346,3556.5
767.0,796.0,796.0,41.85536,-87.65344,323440.661268556,2160.0,332105.5853244769,2985.222222222222
767.0,796.0,796.0,41.86068,-87.73444,174195.31474103587,9029.0,264464.3232107371,6675.2
767.0,796.0,796.0,41.75677,-87.6528,105200.6774049217,7153.0,137678.8604796477,5471.375
767.0,796.0,796.0,41.912,-87.71219,255649.45671641792,9022.0,411416.4491430084,4833.0
767.0,796.0,796.0,41.69556,-87.64286,227228.10582010582,1998.0,165512.79413178487,3018.2
1534.0,1593.0,3982.0,41.87972,-87.63568000000002,802738.0172786177,9284.0,529645.3188537043,1800.6666666666667
767.0,796.0,796.0,41.99461,-87.65856,474507.2143826323,2293.0,515891.8263594058,2549.4
512.0,531.0,531.0,41.77881,-87.69478000000002,147830.85739750444,5481.0,138275.90027954598,5183.2
767.0,796.0,796.0,41.88491,-87.71133,194151.69814366425,10237.0,346094.5277481123,6511.166666666667
1384.0,2506.0,2148.0,41.83316,-87.6458,373531.3944738389,1444.0,258772.8837019161,1451.5
767.0,796.0,796.0,41.9686,-87.71969,369466.92852741835,2309.0,501768.96697892627,1732.8333333333333
767.0,796.0,796.0,41.97311,-87.65906,488644.58850841556,3493.0,727135.3193835611,1826.1666666666667
512.0,531.0,531.0,41.83042,-87.68544,248458.26125,885.0,240428.53003751524,2866.2
512.0,531.0,531.0,41.88837,-87.62879000000002,604957.6953642385,5595.0,958291.0682707691,3165.375
1534.0,1593.0,1327.0,41.96207,-87.65176,488644.58850841556,3493.0,727135.3193835611,1826.1666666666667
767.0,796.0,796.0,41.8988,-87.6589,657765.9010238908,2472.0,577048.8615566454,3892.1
767.0,796.0,796.0,41.9973,-87.69915999999998,343996.8509576694,3328.0,446434.4284936709,2195.25
256.0,265.0,265.0,41.96113,-87.72949,369466.92852741835,2309.0,501768.96697892627,1732.8333333333333
512.0,531.0,531.0,41.7752,-87.6402,58636.80568720379,13037.0,128917.97160025159,3999.1428571428573
767.0,796.0,796.0,41.8689,-87.6268,802738.0172786177,9284.0,529645.3188537043,1800.6666666666667
256.0,265.0,265.0,41.77756,-87.70297,147830.85739750444,5481.0,138275.90027954598,5183.2
767.0,796.0,796.0,41.89884,-87.729,255649.45671641792,9022.0,411416.4491430084,4833.0
767.0,796.0,796.0,41.97596,-87.71276999999998,361627.76578645234,942.0,451297.43352273427,1997.5
1387.0,2192.0,2192.0,41.82303,-87.68114,147270.02348993288,3986.0,190896.82900681198,3376.1666666666665
477.0,665.0,665.0,41.9026,-87.74684,176850.4503600823,13902.0,236002.91172431945,5695.166666666667
2300.0,2389.0,2389.0,41.97315,-87.65782,488644.58850841556,3493.0,727135.3193835611,1826.1666666666667
256.0,265.0,265.0,42.00011,-87.67113,310540.02964118565,3654.0,409252.03267015086,2810.5
767.0,796.0,796.0,41.99802,-87.68646,343996.8509576694,3328.0,446434.4284936709,2195.25
512.0,531.0,531.0,41.98596,-87.69948000000002,343996.8509576694,3328.0,446434.4284936709,2195.25
2300.0,2389.0,2389.0,41.96911,-87.65493000000002,488644.58850841556,3493.0,727135.3193835611,1826.1666666666667
256.0,265.0,265.0,41.92522,-87.68853,469298.8703597944,3610.0,511525.4156738535,3167.8
767.0,796.0,796.0,41.9235,-87.69887,469298.8703597944,3610.0,511525.4156738535,3167.8
2045.0,2124.0,2124.0,41.902,-87.77521,176850.4503600823,13902.0,236002.91172431945,5695.166666666667
1278.0,1327.0,1327.0,41.78024,-87.66411,58636.80568720379,13037.0,128917.97160025159,3999.1428571428573
512.0,531.0,531.0,41.79201,-87.66974,58636.80568720379,13037.0,128917.97160025159,3999.1428571428573
767.0,796.0,796.0,42.01928,-87.67152,310540.02964118565,3654.0,409252.03267015086,2810.5
767.0,796.0,796.0,41.68425,-87.61868,82995.82049180327,3910.0,126868.1402356124,3361.3333333333335
1534.0,1593.0,1593.0,41.85887,-87.70945,174195.31474103587,9029.0,264464.3232107371,6675.2
256.0,265.0,265.0,41.83382,-87.68303,248458.26125,885.0,240428.53003751524,2866.2
512.0,531.0,531.0,42.01108,-87.80699,370677.14446002804,223.0,327953.69185840705,1138.0
767.0,796.0,796.0,41.69263,-87.61291,102711.14822006473,6788.0,110671.77307300281,3135.625
7667.0,7965.0,7965.0,41.89663,-87.70698,255649.45671641792,9022.0,411416.4491430084,4833.0
512.0,531.0,531.0,41.96967,-87.65498000000002,488644.58850841556,3493.0,727135.3193835611,1826.1666666666667
1286.0,1813.0,4440.0,41.88751,-87.67031999999998,345766.0279329609,2089.0,456699.3476194784,4845.75
512.0,531.0,531.0,41.79359,-87.71597,188377.37534246576,872.0,198024.09962645904,1574.1666666666667
256.0,265.0,265.0,41.74039000000001,-87.65709,105200.6774049217,7153.0,137678.8604796477,5471.375
20189.0,20976.0,20976.0,41.84854,-87.67452,323440.661268556,2160.0,332105.5853244769,2985.222222222222
767.0,796.0,796.0,41.86649,-87.72295,174195.31474103587,9029.0,264464.3232107371,6675.2
512.0,531.0,531.0,41.96465,-87.65462,488644.58850841556,3493.0,727135.3193835611,1826.1666666666667
9540.0,13303.0,25000.0,41.8798,-87.62971,802738.0172786177,9284.0,529645.3188537043,1800.6666666666667
256.0,265.0,265.0,41.97312,-87.65899,488644.58850841556,3493.0,727135.3193835611,1826.1666666666667
1534.0,1593.0,1593.0,41.85875,-87.71802,174195.31474103587,9029.0,264464.3232107371,6675.2
256.0,265.0,265.0,41.99779,-87.7013,343996.8509576694,3328.0,446434.4284936709,2195.25
767.0,796.0,796.0,41.92771,-87.67458,1196657.6952380952,3360.0,980144.7036494268,2320.125
11914.0,18898.0,18898.0,41.93923,-87.73577,408564.3955613577,2724.0,472224.2381056808,1775.5714285714287
17889.0,18586.0,50000.0,41.65824,-87.60840999999998,50665.166666666664,1298.0,85724.0494855441,2822.0
256.0,265.0,265.0,42.00984,-87.67385,310540.02964118565,3654.0,409252.03267015086,2810.5
256.0,265.0,265.0,41.69182,-87.62069,102711.14822006473,6788.0,110671.77307300281,3135.625
767.0,796.0,796.0,41.90992,-87.6315,1676838.826446281,560.0,822538.8285309215,2684.3333333333335
512.0,531.0,531.0,41.73744,-87.56079,110830.66248693835,4232.0,132266.96834611098,2712.8
10989.0,11417.0,11417.0,41.75078,-87.61694,115195.91774891775,6198.0,108006.29736619293,3818.0
512.0,531.0,531.0,41.74748,-87.60471,115195.91774891775,6198.0,108006.29736619293,3818.0
256.0,265.0,265.0,41.7431,-87.65024,105200.6774049217,7153.0,137678.8604796477,5471.375
512.0,531.0,531.0,41.8755,-87.72776999999998,194151.69814366425,10237.0,346094.5277481123,6511.166666666667
1023.0,1062.0,1062.0,41.77157,-87.73091,196968.47516679022,1483.0,185528.9328636008,2256.3333333333335
1534.0,1593.0,1593.0,41.94566,-87.76639,302667.8180658331,3101.0,334010.30299038783,1915.857142857143
2556.0,2655.0,2655.0,41.97106,-87.65959000000002,488644.58850841556,3493.0,727135.3193835611,1826.1666666666667
25555.0,26552.0,26552.0,41.9102,-87.72328,255649.45671641792,9022.0,411416.4491430084,4833.0
512.0,531.0,531.0,41.92411,-87.69869,469298.8703597944,3610.0,511525.4156738535,3167.8
512.0,531.0,531.0,41.98992,-87.66977,474507.2143826323,2293.0,515891.8263594058,2549.4
512.0,531.0,531.0,41.89848,-87.77245,176850.4503600823,13902.0,236002.91172431945,5695.166666666667
512.0,531.0,531.0,41.78621,-87.68894,147830.85739750444,5481.0,138275.90027954598,5183.2
512.0,531.0,531.0,41.85621,-87.65916999999997,323440.661268556,2160.0,332105.5853244769,2985.222222222222
512.0,531.0,531.0,41.85705,-87.63979,323440.661268556,2160.0,332105.5853244769,2985.222222222222
2045.0,2124.0,2124.0,41.85449000000001,-87.63241,340545.66071428574,425.0,419959.71640089375,1987.4
767.0,796.0,796.0,41.75836,-87.63377,94804.87866772403,6091.0,120121.9931602209,5965.428571428572
767.0,796.0,796.0,41.84651,-87.70055,161538.79056709714,4524.0,228346.3992391644,2853.6666666666665
1023.0,1062.0,1062.0,41.79372,-87.70704,150317.5129434324,1964.0,155907.55291200802,4512.666666666667
256.0,265.0,265.0,41.77473,-87.61188,160850.25199362042,3417.0,255434.07113188843,3820.8
512.0,531.0,531.0,41.99799,-87.68905,343996.8509576694,3328.0,446434.4284936709,2195.25
256.0,265.0,265.0,41.84896,-87.63223,340545.66071428574,425.0,419959.71640089375,1987.4
1023.0,1062.0,1062.0,41.83468,-87.6507,373531.3944738389,1444.0,258772.8837019161,1451.5
512.0,531.0,531.0,41.96831,-87.69322,639062.7041644132,1892.0,545249.6846952764,2373.4444444444443
57272.0,72673.0,72673.0,41.78839,-87.74061999999998,229517.3698296837,1992.0,192372.82010140995,1733.6
3578.0,4988.0,4988.0,41.91501,-87.73711,268652.4436781609,1172.0,327755.36401724356,5547.142857142857
512.0,531.0,531.0,41.71241,-87.60528000000002,87143.29841269841,1089.0,81002.88718366112,2554.75
16611.0,17259.0,17259.0,41.88114,-87.64200000000002,508539.77559607296,4121.0,495191.6504191511,2947.4444444444443
16611.0,17259.0,18586.0,41.85109,-87.68987,161538.79056709714,4524.0,228346.3992391644,2853.6666666666665
16611.0,17259.0,17259.0,41.75722,-87.66346,105200.6774049217,7153.0,137678.8604796477,5471.375
17889.0,18586.0,18586.0,41.80882,-87.60696,308244.1517094017,3061.0,369207.20566497307,1490.2857142857142
1023.0,1062.0,1062.0,41.84671,-87.6749,323440.661268556,2160.0,332105.5853244769,2985.222222222222
24022.0,24959.0,24959.0,41.80941,-87.67725,147270.02348993288,3986.0,190896.82900681198,3376.1666666666665
31944.0,33190.0,33190.0,41.9769,-87.65436,474507.2143826323,2293.0,515891.8263594058,2549.4
25555.0,26552.0,1327.0,41.88094,-87.64769,395731.6,280.0,487439.89565517934,3337.0
25555.0,26552.0,796.0,41.97938,-87.75706,310830.10698141635,1065.0,361094.9201218921,1566.6666666666667
25555.0,26552.0,796.0,41.83224000000001,-87.62779,353083.02392344497,2628.0,389771.79722306406,1200.2
25555.0,26552.0,796.0,41.9238,-87.6492,1143597.8653001464,699.0,1006927.1436961135,3987.5
48555.0,50449.0,50449.0,41.83662,-87.66424,248458.26125,885.0,240428.53003751524,2866.2
25555.0,26552.0,26552.0,41.90951,-87.74678,176850.4503600823,13902.0,236002.91172431945,5695.166666666667
25555.0,26552.0,796.0,41.96978,-87.67506999999998,639062.7041644132,1892.0,545249.6846952764,2373.4444444444443
25555.0,26552.0,796.0,41.9238,-87.6492,1143597.8653001464,699.0,1006927.1436961135,3987.5
8945.0,9293.0,9293.0,42.00449,-87.81828,370677.14446002804,223.0,327953.69185840705,1138.0
20444.0,21241.0,21241.0,41.90276,-87.63099,830380.8548387097,1286.0,1068800.999388751,2598.75
15333.0,15931.0,15931.0,41.8947,-87.61663,734872.9802816901,1985.0,844948.9287855693,3670.0
25555.0,26552.0,26552.0,41.79529,-87.58807,643831.639821029,1863.0,301787.799401946,2149.6
23000.0,23897.0,796.0,41.91213,-87.63461,1258534.495462795,2255.0,1077208.7679718311,2700.25
3578.0,3717.0,3717.0,41.87508,-87.72556999999998,194151.69814366425,10237.0,346094.5277481123,6511.166666666667
2556.0,3982.0,3982.0,41.90928,-87.76489000000002,176850.4503600823,13902.0,236002.91172431945,5695.166666666667
2045.0,2124.0,2124.0,41.85031,-87.72399,174195.31474103587,9029.0,264464.3232107371,6675.2
4345.0,4513.0,4513.0,41.80931,-87.60616999999998,599130.1619047619,1443.0,361889.67751182115,2042.25
4345.0,4513.0,4513.0,41.78054,-87.61676,138926.632,2609.0,283367.58701171237,4231.714285714285
2556.0,2655.0,2655.0,41.77826,-87.7341,196968.47516679022,1483.0,185528.9328636008,2256.3333333333335
6389.0,6638.0,6638.0,41.76294,-87.5864,144173.1340388007,8323.0,121089.08159909117,2995.8
3323.0,3451.0,5310.0,41.69944,-87.64298000000002,227228.10582010582,1998.0,165512.79413178487,3018.2
4089.0,4248.0,4248.0,41.75009,-87.64439,105200.6774049217,7153.0,137678.8604796477,5471.375
2556.0,2655.0,2655.0,41.76681,-87.74304000000002,196968.47516679022,1483.0,185528.9328636008,2256.3333333333335
2556.0,2655.0,2655.0,41.79637,-87.75743,229517.3698296837,1992.0,192372.82010140995,1733.6
2556.0,2655.0,2655.0,41.96122,-87.68982,846027.8678540649,1277.0,647857.492969017,2712.25
2556.0,2655.0,2655.0,41.99433,-87.69966,343996.8509576694,3328.0,446434.4284936709,2195.25
2556.0,2655.0,2655.0,41.91311,-87.68119,770058.1383763838,2340.0,546237.0593831207,2876.8333333333335
2556.0,2655.0,2655.0,41.93199,-87.76638,254227.90304878048,4254.0,258602.64636018002,4238.142857142857
2556.0,2655.0,2655.0,41.92856,-87.67469,1196657.6952380952,3360.0,980144.7036494268,2320.125
2556.0,2655.0,2655.0,41.89663,-87.70698,255649.45671641792,9022.0,411416.4491430084,4833.0
2556.0,2655.0,2655.0,41.86702,-87.76505999999998,176850.4503600823,13902.0,236002.91172431945,5695.166666666667
2556.0,2655.0,2655.0,41.7843,-87.68363000000002,147830.85739750444,5481.0,138275.90027954598,5183.2
2556.0,2655.0,2655.0,41.7752,-87.6402,58636.80568720379,13037.0,128917.97160025159,3999.1428571428573
2556.0,2655.0,2655.0,41.75154000000001,-87.56076999999998,110830.66248693835,4232.0,132266.96834611098,2712.8
2556.0,2655.0,2655.0,41.81854000000001,-87.70402,196361.78038815118,2217.0,202501.09040272055,2175.714285714286
2556.0,2655.0,2655.0,41.67729,-87.64314,82995.82049180327,3910.0,126868.1402356124,3361.3333333333335
2556.0,2655.0,2655.0,41.7225,-87.56679,70045.93081761006,1718.0,113078.94570377811,1448.7142857142858
2556.0,2655.0,2655.0,41.74039000000001,-87.65709,105200.6774049217,7153.0,137678.8604796477,5471.375
2556.0,2655.0,2655.0,41.96403,-87.65679,488644.58850841556,3493.0,727135.3193835611,1826.1666666666667
2556.0,2655.0,2655.0,41.85189,-87.68871999999998,161538.79056709714,4524.0,228346.3992391644,2853.6666666666665
2556.0,2655.0,2655.0,41.7411,-87.74093,180256.03019538187,2279.0,183909.8402202489,3747.5
2556.0,2655.0,2655.0,41.88049,-87.72216999999998,194151.69814366425,10237.0,346094.5277481123,6511.166666666667
2556.0,2655.0,2655.0,41.97186,-87.72799,369466.92852741835,2309.0,501768.96697892627,1732.8333333333333
2556.0,2655.0,2655.0,41.81046,-87.72328,198105.0079575597,839.0,193948.82903184945,2401.25
2556.0,2655.0,2655.0,41.9311,-87.74375,254227.90304878048,4254.0,258602.64636018002,4238.142857142857
2556.0,2655.0,2655.0,41.92821,-87.72762,469298.8703597944,3610.0,511525.4156738535,3167.8
2556.0,2655.0,2655.0,41.73908,-87.63251,115195.91774891775,6198.0,108006.29736619293,3818.0
2556.0,2655.0,2655.0,41.85217,-87.66942,323440.661268556,2160.0,332105.5853244769,2985.222222222222
2556.0,2655.0,2655.0,41.8089,-87.66271,147270.02348993288,3986.0,190896.82900681198,3376.1666666666665
2556.0,2655.0,2655.0,41.70351,-87.52584,202384.0,1062.0,90438.2966522742,2185.0
2556.0,2655.0,2655.0,41.7611,-87.62432,94804.87866772403,6091.0,120121.9931602209,5965.428571428572
2556.0,2655.0,2655.0,41.75254,-87.58766999999997,117870.53324808185,1021.0,115409.18993312436,4449.833333333333
2556.0,2655.0,2655.0,41.75609,-87.68222,180256.03019538187,2279.0,183909.8402202489,3747.5
2556.0,2655.0,2655.0,41.83817,-87.70546,161538.79056709714,4524.0,228346.3992391644,2853.6666666666665
2556.0,2655.0,2655.0,41.68497,-87.64336999999998,82995.82049180327,3910.0,126868.1402356124,3361.3333333333335
2556.0,2655.0,2655.0,41.80314,-87.70395,150317.5129434324,1964.0,155907.55291200802,4512.666666666667
2556.0,2655.0,2655.0,41.92376,-87.78795,254227.90304878048,4254.0,258602.64636018002,4238.142857142857
2556.0,2655.0,2655.0,41.99492,-87.66029,474507.2143826323,2293.0,515891.8263594058,2549.4
2556.0,2655.0,2655.0,41.90727,-87.73691,255649.45671641792,9022.0,411416.4491430084,4833.0
2556.0,2655.0,2655.0,41.94665,-87.70185,408564.3955613577,2724.0,472224.2381056808,1775.5714285714287
2556.0,2655.0,2655.0,41.91456,-87.65475,1196657.6952380952,3360.0,980144.7036494268,2320.125
2556.0,2655.0,2655.0,41.75507,-87.66306999999998,105200.6774049217,7153.0,137678.8604796477,5471.375
2556.0,2655.0,2655.0,41.77399000000001,-87.60539,160850.25199362042,3417.0,255434.07113188843,3820.8
21722.0,22569.0,22569.0,41.95016,-87.67535,846027.8678540649,1277.0,647857.492969017,2712.25
15333.0,15931.0,15931.0,41.91436,-87.65514,1196657.6952380952,3360.0,980144.7036494268,2320.125
15333.0,15931.0,15931.0,41.93243,-87.64622,1196657.6952380952,3360.0,980144.7036494268,2320.125
15333.0,15931.0,15931.0,41.86805,-87.62534000000002,802738.0172786177,9284.0,529645.3188537043,1800.6666666666667
20444.0,21241.0,21241.0,41.89343,-87.62634,604957.6953642385,5595.0,958291.0682707691,3165.375
20444.0,796.0,796.0,41.9679,-87.73589,369466.92852741835,2309.0,501768.96697892627,1732.8333333333333
1534.0,1593.0,1327.0,41.88739,-87.6202,802738.0172786177,9284.0,529645.3188537043,1800.6666666666667
58777.0,61070.0,61070.0,41.99108,-87.65965,474507.2143826323,2293.0,515891.8263594058,2549.4
63888.0,66380.0,66380.0,41.88179,-87.64716999999997,508539.77559607296,4121.0,495191.6504191511,2947.4444444444443
48555.0,50449.0,50449.0,41.90932,-87.65343,604957.6953642385,5595.0,958291.0682707691,3165.375
51110.0,53104.0,53104.0,41.89495,-87.62961,604957.6953642385,5595.0,958291.0682707691,3165.375
48555.0,50449.0,50449.0,41.99049,-87.74894,452663.25044143613,461.0,346851.7844634808,1879.8333333333333
79989.0,106209.0,106209.0,41.86855,-87.63846,508539.77559607296,4121.0,495191.6504191511,2947.4444444444443
38333.0,39828.0,39297.0,41.94848,-87.64965,817196.5921541319,4615.0,807652.5920309358,1677.142857142857
12778.0,42483.0,42483.0,41.94045,-87.66826999999998,817196.5921541319,4615.0,807652.5920309358,1677.142857142857
51110.0,53104.0,53104.0,41.92524,-87.65329,1143597.8653001464,699.0,1006927.1436961135,3987.5
767.0,796.0,796.0,41.92661,-87.7304,268652.4436781609,1172.0,327755.36401724356,5547.142857142857
76665.0,79657.0,79657.0,41.97454000000001,-87.8107,327953.69185840705,1138.0,348930.95679311396,784.0
20444.0,21241.0,21241.0,41.8279,-87.68254,248458.26125,885.0,240428.53003751524,2866.2
38333.0,39828.0,39828.0,41.94827,-87.66441999999998,817196.5921541319,4615.0,807652.5920309358,1677.142857142857
63888.0,66380.0,66380.0,41.94594,-87.70801,427028.6540084388,2217.0,565756.3926086486,1974.2
76665.0,79657.0,79657.0,41.73607,-87.62693,115195.91774891775,6198.0,108006.29736619293,3818.0
40377.0,41952.0,41952.0,41.90656,-87.66942,770058.1383763838,2340.0,546237.0593831207,2876.8333333333335
30666.0,31862.0,31862.0,41.96699,-87.76678000000003,302667.8180658331,3101.0,334010.30299038783,1915.857142857143
76665.0,5310.0,5310.0,41.79616,-87.72368,188377.37534246576,872.0,198024.09962645904,1574.1666666666667
76665.0,79657.0,79657.0,41.79409,-87.77067,229517.3698296837,1992.0,192372.82010140995,1733.6
56221.0,58415.0,58415.0,41.98234,-87.66911999999998,797214.9585253457,380.0,534071.5023518204,2559.3333333333335
51110.0,53104.0,53104.0,41.97898,-87.65953,474507.2143826323,2293.0,515891.8263594058,2549.4
4174.0,2389.0,2389.0,41.75762,-87.58624,144173.1340388007,8323.0,121089.08159909117,2995.8
76665.0,79657.0,79657.0,41.93552,-87.66973,817196.5921541319,4615.0,807652.5920309358,1677.142857142857
57243.0,59477.0,59477.0,41.94338,-87.68799999999997,846027.8678540649,1277.0,647857.492969017,2712.25
4174.0,796.0,53104.0,41.86638,-87.66654,466340.0157142857,2553.0,323637.5129470483,4652.666666666667
45999.0,47794.0,47794.0,41.96554,-87.838,261553.3252895753,1387.0,300810.3922762759,1282.0
51110.0,53104.0,53104.0,41.68131,-87.66391,227228.10582010582,1998.0,165512.79413178487,3018.2
57499.0,59742.0,59742.0,41.83282,-87.61455,353083.02392344497,2628.0,389771.79722306406,1200.2
51110.0,53104.0,53104.0,41.9266,-87.78643000000002,254227.90304878048,4254.0,258602.64636018002,4238.142857142857
25555.0,26552.0,26552.0,41.97562,-87.72984,361627.76578645234,942.0,451297.43352273427,1997.5
84332.0,87622.0,87622.0,41.72226,-87.58359,70045.93081761006,1718.0,113078.94570377811,1448.7142857142858
63888.0,66380.0,66380.0,41.86698,-87.62594,519439.2744755245,1669.0,441538.2737604452,2218.8888888888887
51110.0,53104.0,53104.0,41.72263,-87.66362,116355.89500860585,3024.0,180194.82058921788,4203.0
76665.0,79657.0,79657.0,41.94684,-87.64627,817196.5921541319,4615.0,807652.5920309358,1677.142857142857
38333.0,39828.0,39828.0,41.88834,-87.64505,508539.77559607296,4121.0,495191.6504191511,2947.4444444444443
25555.0,26552.0,26552.0,41.86468,-87.63989000000002,508539.77559607296,4121.0,495191.6504191511,2947.4444444444443
51110.0,53104.0,53104.0,41.90392,-87.63962,1258534.495462795,2255.0,1077208.7679718311,2700.25
51110.0,53104.0,53104.0,42.01938,-87.67442,310540.02964118565,3654.0,409252.03267015086,2810.5
31944.0,33190.0,33190.0,41.9614,-87.6546,488644.58850841556,3493.0,727135.3193835611,1826.1666666666667
43444.0,45138.0,45138.0,41.95299,-87.78725,273667.0926941447,1426.0,270509.91384823824,2332.25
63888.0,66380.0,66380.0,41.95527,-87.74484,302667.8180658331,3101.0,334010.30299038783,1915.857142857143
767.0,796.0,796.0,41.90484,-87.63408000000003,1258534.495462795,2255.0,1077208.7679718311,2700.25
17889.0,18586.0,18586.0,41.69169,-87.67948,227228.10582010582,1998.0,165512.79413178487,3018.2
25555.0,26552.0,26552.0,41.85171,-87.68709,323440.661268556,2160.0,332105.5853244769,2985.222222222222
13863.0,21757.0,8481.0,41.78546,-87.7742,229517.3698296837,1992.0,192372.82010140995,1733.6
12218.0,19176.0,19176.0,41.77312,-87.75264,216874.45147313693,950.0,204954.40677964655,1449.0
1410.0,2212.0,2212.0,41.82636,-87.73097,161538.79056709714,4524.0,228346.3992391644,2853.6666666666665
767.0,796.0,1327.0,41.88171,-87.63086,802738.0172786177,9284.0,529645.3188537043,1800.6666666666667
2556.0,2655.0,2655.0,41.9471,-87.76715,302667.8180658331,3101.0,334010.30299038783,1915.857142857143
